title,price,storeName,rating,description
"NOKIA 105 KING 2019 GARANSI RESMI TAM - Hitam",Rp220.000,"Garden Cell Official",5,"Nokia 105 king #DS TA1174 2019 GARANSI RESMI NOKIA SATU THN RUSAK DI GANTI BARU- Layar 1,8 inch- Dual Sim- Pnyimpanan kontak sampai 2000- Led Torch- FM Radio- USB Micro Connector#nokia105KING#nokia105new#nokia105new2019#nokia105baru"
"Nokia 105 New (2019) Garansi Resmi - Biru",Rp220.000,Gudang-HP,4.9,"Ready Stock Black, Blue, Red *25 Maret 2021NETWORK Technology GSMSIM Dual SIM (Mini-SIM, dual stand-by)Size 1.77 inches, 9.7 cm2 (~16.6% screen-to-body ratio)MEMORY Card slot NoInternal 4MB 4MB RAMCAMERA NoBATTERY Removable Li-Ion 800 mAh battery"
"Nokia 105 King (2019) Garansi Resmi TAM",Rp221.000,"LJS OFFICIAL",4.9,"NETWORK TechnologyGSM 2G bands GSM 900 / 1800 - SIM1 & SIM2 (dual-SIM model only)GPRS NoEDGE NoLAUNCHBODY Dimensions 119 x 49.2 x 14.4 mm (4.69 x 1.94 x 0.57 in)Weight 73 g (2.57 oz)SIM Dual SIM (Mini-SIM, dual stand-by)DISPLAYType TFT, 65K colorsSize 1.77 inches, 9.7 cm2 (~16.6% screen-to-body ratio)Resolution 120 x 160 pixels, 4:3 ratio (~113 ppi density)MEMORY Card slot NoPhonebook : YesCall records: YesInternal 4MB RAM 4MBCAMERA: NoSOUNDLoudspeaker : Yes3.5mm jack YesCOMMSWLAN: NoBluetooth: NoGPS: NoRadio : FM radioUSB microUSB 1.1 (charging only)FEATURESMessaging SMSBrowser NoGames YesJava NoBATTERYRemovable Li-Ion 800 mAh batteryStand-by Up to 619 hTalk time Up to 14 h 24 minMISC"
"NOKIA 105 NEO DUAL SIM GARANSI RESMI - PINX KING TAM",Rp223.000,"BukanKalengKaleng Shop",4.8,"100% Garansi resmi Nokia indonesia 1 tahun100% asli dan baruRESMI IMEI Sudah Terdaftar (cek Imei: http://kemenperin•go•id/imei/ ) Jadi saat hp diaktifkan/dipakai otomatis GARANSI Berlaku.Warna akan dikirim sesuai stock yang tersedia (black; blue)NETWORK TechnologyGSMSIM Dual SIM (Mini-SIM, dual stand-by)Size 1.77 inches, 9.7 cm2 (~16.6% screen-to-body ratio)MEMORY Card slot NoInternal 4MB 4MB RAMCAMERA NoBATTERY Removable Li-Ion 800 mAh battery"
"Xiaomi Official Redmi Note 9 6/128 GB Garansi Resmi Mi Smartphone - Forest Green",Rp2.499.000,"Xiaomi Official Store",4.9,"Ayo, Claim voucher (3% hingga 200RB) duluan, code: XIAOMIMARKeunggulan:1. Kamera quad level hotshot 48MP2. Prosesor tangguh Helio G853. Pengisian daya cepat, baterai ultra besar4. Desain layar DotDisplay tanpa notch5. Lapisan nano tahan percikan di bagian belakang6. Dokumen scannerTersedia dalam warna:- Forest Green- Midnight Grey- Polar WhiteSpesifikasiRAM : 4/6GBMemory : 64/128GBJaringan : GSM / WCMA / LTEUkuran Layar : 6.53"""" FHD+ IPS DotDisplay (83.5% rasio bodi ke layar)Layar : Gorilla Glass 5 depan dan belakangResolusi Layar : 2340x1080, 19.5:9 Aspect RatioSistem Operasi: Android 10, MIUI 11Chipset: Helio G85 (12nm)CPU : Octa-core (2x2.0 GHz Cortex-A75 & 6x1.8 GHz Cortex-A55)Kamera : 48MP + 8MP + 2MP + 2MP quad kamera belakangKamera Depan : 16MP in-display kamera selfie HDRVideo : 1080p @ 30fps, 720p @120fpsBaterai : 5,020mAh (typ) baterai berkapasitas besarPengisian Daya : Fast Charging hingga 18WUSB : 2.0, Type-C 1.0 konektor yang dapat dibalik3.5 Headphone Jack : YaWi-Fi : Wi-Fi 802.11 a/b/g/n/acSensor : Sensor sidik jari di bagian belakangDimensi : 162.3 x 77.2 x 8.9 mm, 199 g"
"Xiaomi Official Redmi 9 4/64 GB Garansi Resmi Mi Smartphone - Ocean Green",Rp1.798.000,"Xiaomi Official Store",4.9,"Claim voucher (3% hingga 200RB) duluan, code: XIAOMIMAR8MP Lensa ultra wide-angle13MP lensa wide-angle2MP Sensor Depth5MP lensa makroPERLUAS WAWASAN ANDALayar Full HD Dot Drop Display 6.53""dengan resolusi 2340x1080 layar depan dilengkapi corning Gorila Glass 3 memastikan pengalaman visual yang mendalam dan memberikan pandangan yang jelas tentang dunia di sekitar Anda.LEBIH BANYAK KEUNGGULAN YANG DAPAT ANDA NIKMATIKinerja yang kuat & stabil dengan prosesor Helio G80, CPU Octa-Core Up To 2.0 GHz multitasking yang lancar dan pengalaman audiovisual dan game yang brilian. Peningkatan kinerja 107% dibandingkan dengan generasi sebelumnya.PENGISIAN DAYA CEPAT, BATERAI BESAR, TIDAK PERNAH TAKUT KEHABISAN DAYADengan kapasitas baterai 5020mAh seperti powerbank dan teknologi fast charging 18W, Anda dapat menghabiskan waktu untuk menonton film, bermain game, atau menelepon, memberikan daya tahan yang Anda butuhkan.TIGA PILIHAN WARNAPilih Sesuai GayamuCarbon Grey, Ocean Green, Sunset PurpleFitur detil yang membuat pengguna lebih nyaman:2+1 SIM SlotOS : Android 10 / MIUI 11Bluetooth 5.0Mikrofon dengan peredam suara bising3.5 mm Headphone jackIR remote untuk kontrol peralatan rumah andaKonektor USB type-C yang dapat dibalik"""" SpesifikasiRAM : 3GB / 4GBKapasitas Penyimpanan : 32GB / 64GBWarna : Carbon Grey, Ocean Green, Sunset PurpleTampilan Layar6.53"""" FHD + Dot Drop DisplayLayar Depan Gorilla Glass 32340x1080, 1500:1 Color Contrast RatioPerformaChipset: Mediatek Helio G80CPU : Octa-core CPU, up to 2.0 GHzLPDDR4X RAM, eMMC 5.1 storageKameraKamera Belakang : 8MP Lensa ultra wide-angle 13MP lensa wide-angle 2MP Sensor Depth 5MP lensa makro8MP selfie cameraBateraiBattery: 5020mAh (typ) mendukung pengisian cepat 18WKonektivitasUSB : Type-CSIM : 2+1 SIM SlotOS System: Android 10, MIUI 11Jaringan : GSM / WCDMA / LTE Dual 4G Standby"
"Nokia 105 King (2019) Garansi Resmi TAM - Hitam",Rp221.000,"Senjaya Selindo",4.9,"NETWORK TechnologyGSM 2G bands GSM 900 / 1800 - SIM1 & SIM2 (dual-SIM model only)GPRS NoEDGE NoLAUNCHBODY Dimensions 119 x 49.2 x 14.4 mm (4.69 x 1.94 x 0.57 in)Weight 73 g (2.57 oz)SIM Dual SIM (Mini-SIM, dual stand-by)DISPLAYType TFT, 65K colorsSize 1.77 inches, 9.7 cm2 (~16.6% screen-to-body ratio)Resolution 120 x 160 pixels, 4:3 ratio (~113 ppi density)MEMORY Card slot NoPhonebook : YesCall records: YesInternal 4MB RAM 4MBCAMERA: NoSOUNDLoudspeaker : Yes3.5mm jack YesCOMMSWLAN: NoBluetooth: NoGPS: NoRadio : FM radioUSB microUSB 1.1 (charging only)FEATURESMessaging SMSBrowser NoGames YesJava NoBATTERYRemovable Li-Ion 800 mAh batteryStand-by Up to 619 hTalk time Up to 14 h 24 minMISC"
"SAMSUNG GALAXY J2 PRIME SM-G532G/DS 1.5GB/8GB GARANSI RESMI - Putih",Rp1.999.000,"Humaira Online",4.9,"PRODUK YANG DIJUAL DAN DIKIRIMKAN ADALAH BARU (BNIB), SEGEL DAN WRAPPING ASLI SEIN, JIKA ADA KENDALA MAKA SILAKAN CLAIM LANGSUNG KE SERVICE CENTER SAMSUNG.SILAKAN ORDER SESUAI VARIAN WARNA APABILA MEMILIH WARNA ""RANDOM"" PEMBELI TIDAK BISA MEMILIH VARIAN WARNA YANG DIINGINKAN.Fitur utama dari Samsung Galaxy J2 Prime:- Processor Quad Core A53 1.4Ghz- Sophisticated & sleek design- Dual Camera 8 MP & 5 MP with Flash- Ultra Data Saving- 4G LTE- Android Marshmallow- Dual SIMSpesifikasi:- Display : 5 inch qHD TFT LCD- Processor : Quad Core A53 1.4Ghz- OS : Android Marshmallow- Kamera : 8 MP Rear Camera (f2.2) with Flash & 5 MP Front Camera (f2.2) with Flash- RAM : 1.5 GB- Memory Internal : 8 GB MicroSD Up to 128GB- Sensors Accelerometer, proximity- WLAN Wi-Fi 802.11 b/g/n, Wi-Fi Direct, hotspot- Bluetooth v4.2, A2DP, LE- GPS with A-GPS- Radio FM radio, RDS, recording- USB microUSB v2.0, USB On-The-Go- Sound : Alert types Vibration; MP3, WAV ringtones Loudspeaker 3.5mm jack- Battery : 2,600 mAH- Dimension : 144.8 x 72.1 x 8.7"
"Xiaomi Redmi Note 9 4/64 GB Garansi Resmi - Hijau",Rp2.102.000,Gudang-HP,4.9,"Ready Stok Red, Green, Black *14 April 2021Tambahan extra bubble dan kardushttps://www.tokopedia.com/gudang-hp/kardus-bubble-extra-packingSIM Dual SIM (Nano-SIM, dual stand-by)Size 6.53 inches, 104.7 cm2 (~83.5% screen-to-body ratio)PLATFORM OS Android 10, MIUI 11Chipset MediaTek Helio G85 (12nm)CPU Octa-core (2x2.0 GHz Cortex-A75 & 6x1.8 GHz Cortex-A55)GPU Mali-G52 MC2Internal 64GB 4GB RAMMAIN CAMERA Quad 48 MP, 8 MP, 2 MP,2 MP, SELFIE CAMERA Single 13 MP, BATTERY Non-removable Li-Po 5020 mAh batteryCharging Fast charging 18W"
"Samsung Galaxy J2 Prime Garansi Resmi 1 Tahun - SECOND LENGKAP",Rp999.000,"JKT Official Store",4.9,"ADA SECOND KOMPLITE(AMAN) GRESSREADY STOCK TERBATAS(Garansi 1 Minggu)Samsung J2 Prime, Baru 100%Garansi resmi SEIN 1 TahunSegel Ori ~ Plastik Samsung ~ No PenyokReady: Black - Gold - Silver (Random)Selagi Masih Iklan Ready ya Bosku""Gojek grab Dari Jam 11.00 - 17.00Jnt Jne Sampai Jam 20.00Siap Luncur TKPJgn lupa Bintang & Smile ya Bosku.SABTU MINGGU TETAP GASS....Paketan Akan Dikirim Sesuai AntrianMohon Sabar ya MenungguTersedia All Tipe Ready - Anti Gores Kaca - glas kaca 5D - Full layar https://tokopedia.link/riKONN5I2V Beli Softcase Hp / Silicon Hp / Pelindung Hp / Kesing Hp All Tipe https://tokopedia.link/fAm9SJZJ2V Beli Bubble Wrap For Safety Packaging / Perlindungan Tambahan Paking Aman https://tokopedia.link/eWHyya4TfW Spesifikasi :Dual SIMSupport 4G LTECPU : Quad Core 1,4GhZLayar TFT LCD 5inc (540x960 pixels) Internal : 8 GBRAM :1,5 GBMicro SD : up to 250GBKamera utama : 8MP, autofocus, LED FlashKamera depan : 5MP, LED FlashBaterai : 2600mAh"
"Xiaomi Official Redmi Note 9 Pro 8/128 GB Garansi Resmi Mi Smartphone - Glacier White",Rp3.699.000,"Xiaomi Official Store",4.9,"Ayo! Claim voucher (3% hingga 200RB) duluan, code: XIAOMIMARDeskripsi XiaoMi Redmi Note 9 Pro [8GB + 128GB/Garansi offical]Xiaomi Redmi Note 9 Pro 8 / 128 GBKeunggulan: 1. Kamera quad level flagship dengan detail yang brilian 2. Qualcomm® Snapdragon™ 720G 3. Pengisian daya cepat,waktu standby lama 4. Desain simetris, gaya flagship 5. Sensor sidik jari yang dipasang di samping 6. Genggaman yang nyaman, unlock super cepat Spesifikasi RAM : 8GB Internal memori : 128GBJaringan : GSM / WCDMA / LTE Ukuran Layar: 6.67"" FHD+ IPS DotDisplay Layar : Corning®️ Gorilla®️ Glass 5 depan dan belakang Resolusi Layar : 2400x1080, aspek layar 19.5:9 Sistem Operasi: Android 10, MIUI 11 Chipset: Qualcomm®️ Snapdragon™️ 720G (8nm) CPU : Qualcomm®️ Kryo™️ 465 CPU, Octa-core CPU Kamera Utama: 64MP + 8MP + 5MP + 2MP quad kamera Kamera Depan : 16MP kamera selfie in-display Video : 4K @ 30fps, 1080p @ 30/60/120fps, 720p @ 960fps Baterai : 5,020mAh (typ) Pengisian Daya : Pengisian cepat hingga 30W USB : 2.0, Type-C 1.0 reversible connector 3.5 Headphone Jack : Ya NFC : Ya Wi-Fi : Wi-Fi 802.11 a/b/g/n/ac Tersedia dalam warna:Tropical Green - Glacier White - Interstellar Grey --bluewarna green design sepsialKind reminder: The interstellar grey color having a gradient to the blue color, it is with slight hint of blue.Dimensi : 165.8 x 76.7 x 8.8 mm, 209 g"
"XIAOMI REDMI 9A RAM 2/32 GB - 3/32 GB GARANSI RESMI - Abu-abu, 2GB 32GB",Rp1.165.000,HokiHP,4.9,"READY STOK XIAOMI REDMI 9A RAM 2GB 32 GB - 3GB 32 GB Garansi Resmi Xiaomi IndonesiaIMEI terdaftar2GB 32GB ~ Ram 2 GB Internal 32 GB3GB 32 GB ~ Ram 3 GB Internal 32 GB NETWORK Technology GSM / HSPA / LTELAUNCH Announced 2020, June 30Status Available. Released 2020, July 07BODY Dimensions 164.9 x 77 x 9 mm (6.49 x 3.03 x 0.35 in)Weight 196 g (6.91 oz)SIM Dual SIM (Nano-SIM, dual stand-by)DISPLAY Type IPS LCD capacitive touchscreen, 16M colorsSize 6.53 inches, 102.9 cm2 (~81.1% screen-to-body ratio)Resolution 720 x 1600 pixels, 20:9 ratio (~269 ppi density) 400 nits typ. brightness (advertised)PLATFORM OS Android 10, MIUI 12Chipset MediaTek Helio G25 (12 nm)CPU Octa-core 2.0 GHz Cortex-A53GPU PowerVR GE8320MEMORY Card slot microSDXC (dedicated slot)Internal 32GB 2GB RAM eMMC 5.1MAIN CAMERA Single 13 MP, f/2.2, 28mm (wide), PDAFFeatures LED flash, HDRVideo 1080p@30/60fpsSELFIE CAMERA Single 5 MP, f/2.2, (wide), 1.12µmFeatures HDRVideo 1080p@30fpsSOUND Loudspeaker Yes3.5mm jack YesCOMMS WLAN Wi-Fi 802.11 b/g/n, Wi-Fi Direct, hotspotBluetooth 5.0, A2DP, LEGPS Yes, with A-GPS, GLONASS, BDSRadio FM radioUSB microUSB 2.0, USB On-The-GoFEATURES Sensors Accelerometer, proximityBATTERY Li-Po 5000 mAh, non-removableCharging Charging 10W"
"Samsung Galaxy A01 Core 1/16 GB Garansi Resmi SEIN - Biru",Rp904.000,Gudang-HP,4.9,"Ready Stock Black, Blue *14 April 2021SIM Single SIM (Nano-SIM) or Dual SIM (Nano-SIM, dual stand-by)Size 5.3 inches, 71.3 cm2 (~74.5% screen-to-body ratio)PLATFORM OS Android 10 (Go edition)Chipset Mediatek MT6739WW (28 nm)CPU Quad-core 1.5 GHz Cortex-A53GPU PowerVR GE8100Internal 16GB 1GB RAMMAIN CAMERA Single 8 MP, f/2.2, AFSELFIE CAMERA Single 5 MP, f/2.4BATTERY Li-Ion 3000 mAh battery"
"Xiaomi Official Redmi Note 9 Pro 6/64 GB Garansi Resmi Mi Smartphone - Tropical Green",Rp3.295.000,"Xiaomi Official Store",4.9,"Ayo! Claim voucher (3% hingga 200RB) duluan, code: XIAOMIMARXiaomi Redmi Note 9 Pro 6 / 64 GBKeunggulan:1. Kamera quad level flagship dengan detail yang brilian2. Qualcomm® Snapdragon™ 720G3. Pengisian daya cepat,waktu standby lama4. Desain simetris, gaya flagship5. Sensor sidik jari yang dipasang di samping6. Genggaman yang nyaman, unlock super cepat7. Mode KaleidoskopTersedia dalam warna:- Aurora Blue- Glacier White- Interstellar GreyKind reminder: The interstellar grey color having a gradient to the blue color, it is with slight hint of blue.SpesifikasiRAM : 6GB Internal memori : 64GB Jaringan : GSM / WCDMA / LTE Ukuran Layar: 6.67"" FHD+ IPS DotDisplay Layar : Corning®️ Gorilla®️ Glass 5 depan dan belakang Resolusi Layar : 2400x1080, aspek layar 19.5:9 Sistem Operasi: Android 10, MIUI 11 Chipset: Qualcomm®️ Snapdragon™️ 720G (8nm) CPU : Qualcomm®️ Kryo™️ 465 CPU, Octa-core CPU Kamera Utama: 64MP + 8MP + 5MP + 2MP quad kamera Kamera Depan : 16MP kamera selfie in-display Video : 4K @ 30fps, 1080p @ 30/60/120fps, 720p @ 960fps Baterai : 5,020mAh (typ) Pengisian Daya : Pengisian cepat hingga 30W USB : 2.0, Type-C 1.0 reversible connector 3.5 Headphone Jack : Ya NFC : Ya Wi-Fi : Wi-Fi 802.11 a/b/g/n/ac Sensor : Sidik jari di samping (Tombol Daya) Dimensi : 165.8 x 76.7 x 8.8 mm, 209 g"
"Samsung A01 Core 2/32 GB Garansi Resmi SEIN - Merah",Rp1.046.000,Gudang-HP,4.9,"Ready Stok Black *14 April 2021 SIM Single SIM (Nano-SIM) or Dual SIM (Nano-SIM, dual stand-by)Size 5.3 inches, 71.3 cm2 (~74.5% screen-to-body ratio)PLATFORM OS Android 10 (Go edition)Chipset Mediatek MT6739WW (28 nm)CPU Quad-core 1.5 GHz Cortex-A53GPU PowerVR GE8100Internal 32GB 2GB RAMMAIN CAMERA Single 8 MP, f/2.2, AFSELFIE CAMERA Single 5 MP, f/2.4BATTERY Li-Ion 3000 mAh battery"
"Redmi Note 9 4/64 & 6/128 GB Garansi Resmi - 4GB 64GB, BLACK",Rp2.099.000,duniagadgetku,4.9,"Unit New BNIBSegel pabrikanNo repackGaransi Resmi Xiaomi IndonesiaImei terdaftarLink Note 9 pro https://www.tokopedia.com/duniagadgetku/xiaomi-redmi-note-9-pro-6-64-8-128-gb-garansi-resmiNETWORK Technology GSM / HSPA / LTELAUNCH Announced 2020, April 30Status Available. Released 2020, May 12BODY Dimensions 162.3 x 77.2 x 8.9 mm (6.39 x 3.04 x 0.35 in)Weight 199 g (7.02 oz)Build Glass front (Gorilla Glass 5), plastic frameSIM Dual SIM (Nano-SIM, dual stand-by) Splash-proof coatingDISPLAY Type IPS LCD capacitive touchscreen, 16M colorsSize 6.53 inches, 104.7 cm2 (~83.5% screen-to-body ratio)Resolution 1080 x 2340 pixels, 19.5:9 ratio (~395 ppi density)Protection Corning Gorilla Glass 5 450 nits typ. brightness (advertised)PLATFORM OS Android 10, MIUI 11Chipset MediaTek Helio G85 (12nm)CPU Octa-core (2x2.0 GHz Cortex-A75 & 6x1.8 GHz Cortex-A55)GPU Mali-G52 MC2MEMORY Card slot microSDXC (dedicated slot)Internal 64GB 4GB RAM, 128GB 6GB RAMMAIN CAMERA Quad 48 MP, f/1.8, 26mm (wide), 1/2.0"", 0.8µm, PDAF8 MP, f/2.2, 118˚ (ultrawide), 1/4.0"", 1.12µm2 MP, f/2.4, (macro), AF2 MP, f/2.4, (depth)Features LED flash, HDR, panoramaVideo 1080p@30fpsSELFIE CAMERA Single 13 MP, f/2.3, 29mm (standard), 1/3.1"", 1.12µmFeatures HDR, panoramaVideo 1080p@30fpsSOUND Loudspeaker Yes3.5mm jack YesCOMMS WLAN Wi-Fi 802.11 a/b/g/n/ac, dual-band, Wi-Fi Direct, hotspotBluetooth 5.0, A2DP, LEGPS Yes, with A-GPS, GLONASS, GALILEO, BDSM2003J15SG (Yes); M2003J15SS (No)Infrared port YesRadio UnspecifiedUSB 2.0, Type-C 1.0 reversible connectorFEATURES Sensors Fingerprint (rear-mounted), accelerometer, gyro, proximity, compassBATTERY Non-removable Li-Po 5020 mAh battery"
"Poco X3 NFC 6/64 & 8/128 GB Garansi Resmi IMEI Terdaftar - [6/64] Grey",Rp2.999.000,duniagadgetku,5,"Garansi Resmi Xiaomi Indonesia IMEI TerdaftarReady kirim6GB 64GB ~ Ram 6 Gb Internal 64 Gb8GB 128 GB ~ Ram 8 Gb Interal 128 GbNETWORK Technology GSM / HSPA / LTELAUNCH Announced 2020, September 07Status Available. Released 2020, September 08BODY Dimensions 165.3 x 76.8 x 9.4 mm (6.51 x 3.02 x 0.37 in)Weight 215 g (7.58 oz)Build Glass front (Gorilla Glass 5), aluminum frame, plastic backSIM Hybrid Dual SIM (Nano-SIM, dual stand-by) IP53 splash-proofDISPLAY Type IPS LCD, 120Hz, HDR10, 450 nits (typ)Size 6.67 inches, 107.4 cm2 (~84.6% screen-to-body ratio)Resolution 1080 x 2400 pixels, 20:9 ratio (~395 ppi density)Protection Corning Gorilla Glass 5PLATFORM OS Android 10, MIUI 12Chipset Qualcomm SM7150-AC Snapdragon 732G (8 nm)CPU Octa-core (2x2.3 GHz Kryo 470 Gold & 6x1.8 GHz Kryo 470 Silver)GPU Adreno 618MEMORY Card slot microSDXC (uses shared SIM slot)Internal 64GB 6GB RAM, 128GB 6GB RAM UFS 2.1MAIN CAMERA Quad 64 MP, f/1.9, (wide), 1/1.73"", 0.8µm, PDAF13 MP, f/2.2, 119˚ (ultrawide), 1.0µm2 MP, f/2.4, (macro)2 MP, f/2.4, (depth)Features Dual-LED flash, HDR, panoramaVideo 4K@30fps, 1080p@30/120fps, 720p@960fps; gyro-EISSELFIE CAMERA Single 20 MP, f/2.2, (wide), 1/3.4"", 0.8µmFeatures HDR, panoramaVideo 1080p@30fpsSOUND Loudspeaker Yes, with stereo speakers3.5mm jack Yes 24-bit/192kHz audioCOMMS WLAN Wi-Fi 802.11 a/b/g/n/ac, dual-band, Wi-Fi Direct, hotspotBluetooth 5.1, A2DP, LEGPS Yes, with A-GPS, GLONASS, BDSNFC YesInfrared port YesRadio FM radio, recordingUSB USB Type-C 2.0, USB On-The-GoFEATURES Sensors Fingerprint (side-mounted), accelerometer, gyro, proximity, compassBATTERY Type Li-Po 5160 mAh, non-removableCharging Fast charging 33W, 62% in 30 min, 100% in 65 min (advertised)"
"OPPO A3S RAM 2/16 GB GARANSI RESMI OPPO INDONESIA - Ungu",Rp1.499.000,"Grandstore cell",4.8,"OPPO A3S RAM 2/16 GB GARANSI RESMI OPPO INDONESIA.DIJAMIN 100% ORIGINAL & BARUBISA DICEK EMAI YA DI OPPO""COMKALAU BUKAN ASLI AKAN KITA GANTI DOUBLE.BONUS :- IRING- ANTIGORES - SOFTCASE READY :- RED EDITION- DARK PURPLEKET :HARAP CANTUMKAN DIKETERANGAN UNTUK PILIHAN WARNA NYA. BILA TIDAK DITULIS, MAKA AKAN KAMI KIRIM RANDOM UNTUK WARNA YANG READY.PENGIRIMAN CEPAT DAN DIJAMIN SAMPAI TUJUAN ANDA .PACKING LEBIH AMAN DENGAN MENGGUNAKAN BUBLE WRAP ( FREE). Spesifikasi :SIM Dual SIM (Nano-SIM, dual stand-by)6.2 inchesColor OS 5.1Android 8.1 (Oreo)Chipset Qualcomm SDM450 Snapdragon 450CPU Octa-core 1.8 GHz Cortex-A53GPU Adreno 506Internal 16 GB, 2GB RAMMain Camera Dual 13 MP, f/2.2, AF2 MP, f/2.4, depth sensorSelfie camera Single 8 MP, f/2.2Video 3.5mm jack Yes- Active noise cancellation with dedicated micBattery Non-removable Li-Ion 4230 mAh battery"
"Xiaomi Redmi Note 9 6/128 GB Garansi Resmi - Hijau",Rp2.449.000,Gudang-HP,4.9,"Ready Stok Black, Green, White, Red *14 April 2021Tambahan extra bubble dan kardushttps://www.tokopedia.com/gudang-hp/kardus-bubble-extra-packingSIM Dual SIM (Nano-SIM, dual stand-by)Size 6.53 inches, 104.7 cm2 (~83.5% screen-to-body ratio)PLATFORM OS Android 10, MIUI 11Chipset MediaTek Helio G85 (12nm)CPU Octa-core (2x2.0 GHz Cortex-A75 & 6x1.8 GHz Cortex-A55)GPU Mali-G52 MC2Internal 128GB 6GB RAMMAIN CAMERA Quad 48 MP, 8 MP, 2 MP,2 MP, SELFIE CAMERA Single 13 MP, BATTERY Non-removable Li-Po 5020 mAh batteryCharging Fast charging 18W"
"Xiaomi Redmi 9A 2/32 ~ 3/32 GB Garansi Resmi , IMEI Terdaftar - [2/32] Grey",Rp1.169.000,duniagadgetku,4.9,"Garansi Resmi Xiaomi IndonesiaIMEI terdaftar2GB 32GB ~ Ram 2 GB Internal 32 GB3GB 32 GB ~ Ram 3 GB Internal 32 GB NETWORK Technology GSM / HSPA / LTELAUNCH Announced 2020, June 30Status Available. Released 2020, July 07BODY Dimensions 164.9 x 77 x 9 mm (6.49 x 3.03 x 0.35 in)Weight 196 g (6.91 oz)SIM Dual SIM (Nano-SIM, dual stand-by)DISPLAY Type IPS LCD capacitive touchscreen, 16M colorsSize 6.53 inches, 102.9 cm2 (~81.1% screen-to-body ratio)Resolution 720 x 1600 pixels, 20:9 ratio (~269 ppi density) 400 nits typ. brightness (advertised)PLATFORM OS Android 10, MIUI 12Chipset MediaTek Helio G25 (12 nm)CPU Octa-core 2.0 GHz Cortex-A53GPU PowerVR GE8320MEMORY Card slot microSDXC (dedicated slot)Internal 32GB 2GB RAM eMMC 5.1MAIN CAMERA Single 13 MP, f/2.2, 28mm (wide), PDAFFeatures LED flash, HDRVideo 1080p@30/60fpsSELFIE CAMERA Single 5 MP, f/2.2, (wide), 1.12µmFeatures HDRVideo 1080p@30fpsSOUND Loudspeaker Yes3.5mm jack YesCOMMS WLAN Wi-Fi 802.11 b/g/n, Wi-Fi Direct, hotspotBluetooth 5.0, A2DP, LEGPS Yes, with A-GPS, GLONASS, BDSRadio FM radioUSB microUSB 2.0, USB On-The-GoFEATURES Sensors Accelerometer, proximityBATTERY Li-Po 5000 mAh, non-removableCharging Charging 10W"
"Xiaomi Redmi Note 9 Pro 6/64 & 8/128 GB Garansi Resmi - 6GB 64GB, GREEN",Rp3.049.000,duniagadgetku,4.9,"Unit New BNIBSegel pabrikanNo repackGaransi Resmi Xiaomi IndonesiaIMEI TerdafarLink Redmi note 9 4/64 dan 6/128 https://www.tokopedia.com/duniagadgetku/redmi-note-9-4-64-6-128-gb-garansi-resmiNETWORK Technology GSM / HSPA / LTELAUNCH Announced 2020, April 30Status Available. Released 2020, May 05BODY Dimensions 165.8 x 76.7 x 8.8 mm (6.53 x 3.02 x 0.35 in)Weight 209 g (7.37 oz)Build Glass front (Gorilla Glass 5), glass back (Gorilla Glass 5), plastic frameSIM Dual SIM (Nano-SIM, dual stand-by)DISPLAY Type IPS LCD capacitive touchscreen, 16M colorsSize 6.67 inches, 107.4 cm2 (~84.5% screen-to-body ratio)Resolution 1080 x 2400 pixels, 20:9 ratio (~395 ppi density)Protection Corning Gorilla Glass 5PLATFORM OS Android 10, MIUI 11Chipset Qualcomm SM7125 Snapdragon 720G (8 nm)CPU Octa-core (2x2.3 GHz Kryo 465 Gold & 6x1.8 GHz Kryo 465 Silver)GPU Adreno 618MEMORY Card slot microSDXC (dedicated slot)Internal 64GB 6GB RAM, 128GB 8GB RAM UFS 2.1MAIN CAMERA Quad 64 MP, f/1.9, 26mm (wide), 1/1.72"", 0.8µm, PDAF8 MP, f/2.2, 13mm (ultrawide), 1/4.0"", 1.12µm5 MP, f/2.4, (macro), AF2 MP, f/2.4, (depth)Features LED flash, HDR, panoramaVideo 4K@30fps, 1080p@30/60/120fps, 720p@960fpsSELFIE CAMERA Single 16 MP, f/2.5, (wide), 1/3.1"" 1.0µmFeatures HDR, panoramaVideo 1080p@30/120fpsSOUND Loudspeaker Yes3.5mm jack YesCOMMS WLAN Wi-Fi 802.11 a/b/g/n/ac, dual-band, Wi-Fi Direct, hotspotBluetooth 5.0, A2DP, LEGPS Yes, with A-GPS, GLONASS, GALILEO, BDSNFC YesInfrared port YesRadio FM radio, recordingUSB 2.0, Type-C 1.0 reversible connectorFEATURES Sensors Fingerprint (side-mounted), accelerometer, gyro, proximity, compassBATTERY Non-removable Li-Po 5020 mAh battery"
"OPPO A3S RAM 2/16 GARANSI RESMI OPPO INDONESIA 1TH - Merah",Rp1.449.900,"VIVO ST0RE",4.9,"BACA DULU YA GAN BIAR GA SALAH PAHAMHARAP BACA TELITI SEBELUM MEMBELI OPPO A3S RAM 2GB / ROM 16GBReady warna : RED dan DARK PURPLE100% ORIGINAL100% GARANSI RESMI INDONESIAbisa di cek emai nya di oppocompilih bantuanpilih cek garansimasukan imai unit oppo nya(Jangan tanya lagi ya..., kalau ga asli kita ganti deh dobel)KETERANGAN: Barang akan kita open box sebelum kirim. untuk ambil Kartu garansi,jadi jangan komplain. kenapa ga segel? Fungsinya kami wajib setor kartu garansi untuk pihak OPPO supaya bila terjadi sesuatu dengan HP maka bisa langsung claim di semua SERVICE CENTER OPPO INDONESIASEBELUM PESAN CEK DULU YA GAN WARNA NYA JANGAN SALAH KLIK. KARENA TIAP WARNASUKA BEDA HARGA TERGANTUNG DARI KONDISI BARANG.BILA SALAH KLIK KAMI AKAN TETAP KIRIM SESUAI DENGAN PILIHAN ANDABELI : ARTINYA SUDAH SETUJU DAN UDAH BACA YA GAN.Garansi Resmi Oppo Indonesia 1 TahunSIM Dual SIM (Nano-SIM, dual stand-by)6.2 inchesColor OS 5.1Android 8.1 (Oreo)Chipset Qualcomm SDM450 Snapdragon 450CPU Octa-core 1.8 GHz Cortex-A53GPU Adreno 506Internal 16 GB, 2GB RAMMain Camera Dual 13 MP, f/2.2, AF2 MP, f/2.4, depth sensorSelfie camera Single 8 MP, f/2.2Video 3.5mm jack Yes- Active noise cancellation with dedicated micBattery Non-removable Li-Ion 4230 mAh battery"
"Xiaomi Redmi 2 RAM 1/8 Garansi Distributor 1 Tahun - Abu-abu",Rp409.000,tami_cell,4.7,"Xiaomi Redmi 2 RAM 1/8 Ready : DarK Grey, whiteUn Wrapping untuk keperluan QC saat sebelum kirim.Apabila ada permintaan khusus wrapping please add to chart ke dalam pesanan utk tambahan wrapping maupun extra bubble pack yg tersedia di etalase. Terima KasihSpesifikasi:NETWORK : GSM / HSPA / LTEBODY :Dimensions 134 x 67.2 x 9.4 mm (5.28 x 2.65 x 0.37 in)Weight 133 g (4.69 oz)SIM Dual SIM (Micro-SIM, dual stand-by)DISPLAY :Type IPS LCD capacitive touchscreen, 16M colorsSize 4.7 inches (~67.6% screen-to-body ratio)Resolution 720 x 1280 pixels (~312 ppi pixel density)Multitouch YesProtection Corning Gorilla Glass 2- MIUI 6.0PLATFORM :OS Android OS, v4.4.4 (KitKat)Chipset Qualcomm MSM8916 Snapdragon 410CPU Quad-core 1.2 GHz Cortex-A53GPU Adreno 306MEMORY :Card slot microSD, up to 32 GBInternal 8 GB, 1 GB RAMCAMERA :Primary 8 MP, 3264 x 2448 pixels, autofocus, LED flashFeatures 1.4 m pixel size, geo-tagging, touch focus, face/smile detection, HDRVideo 1080p@30fpsSecondary 2 MP, 720pBATTERY :Type Li-Po 2200 mAh"
"Samsung Galaxy A11 3/32 GB Garansi Resmi SEIN - Putih",Rp1.589.000,Gudang-HP,4.9,"Ready Stok Black dan White*14 April 2021Size 6.4 inchesAndroid 10CPU Octa-core 1.8 GHzInternal 32GB 3GB RAMeMMC 5.1MAIN CAMERA Triple 13 MP + 5 MP (ultrawide) + 2 MP (depth)SELFIE CAMERA Single 8 MPNon-removable Li-Po 4000 mAh battery"
"Infinix Hot 8 X650C Smartphone - 4/64GB - Garansi Resmi - Black - Non Bundle",Rp1.575.000,Gadhet-Holic,4.9,"Garansi Resmi Infinix Indonesia 1 TahunSpesifikasi :NETWORK TechnologyGSM / HSPA / LTEBODYDimension : 165 x 76.3 x 8.7 mm (6.50 x 3.00 x 0.34 in)SIM : Dual SIM (Nano-SIM, dual stand-by)DISPLAYType : IPS LCDSize : 6.52 inches, 102.6 cm2 (~81.5% screen-to-body ratio)Resolution : 720 x 1600 pixels, 20:9 ratio (~269 ppi density)PLATFORMOS : Android 9.0 (Pie), XOS 5.0Chipset : Mediatek MT6762 Helio P22 (12 nm) - 64/4 GBCPU : Octa-core 1.8 GHz Cortex-A53GPU : PowerVR GE8320MEMORYRAM : 4GB ROM : 64GBCard slot : microSDXC (dedicated slot)MAIN CAMERATriple :13 MP, f/1.8, 26mm (wide), 1/3.1"", 1.12µm, PDAF2 MP, (depth)QVGA (Low light sensor)Features Quad-LED flash, panorama, HDRVideo 1080p@30fpsSELFIE CAMERA Single : 8 MP, f/2.0, 25mm (wide)Features LED flashVideo 1080p@30fpsSOUND Loudspeaker : Yes3.5mm jack : Yes Dirac Surround SoundCOMMS WLAN : Wi-Fi 802.11 a/b/g/n/ac, dual-band, Wi-Fi Direct, hotspotBluetooth : 5.0, A2DP, LEGPS : Yes, with A-GPSNFC : NoRadio : FM radioUSB : microUSB 2.0, USB On-The-GoFEATURES Sensors : Fingerprint (rear-mounted), accelerometer, proximity, compassBATTERY Li-Po 5000 mAh, non-removableEarphone In-Ear InfinixSpesifikasi- Sound : Driver Spiker 15mm- Compatible Model : All Smartphone- Frequency Response : 20 - 28 Hz- No Box- No Garansi- ALL SmartphoneEarphones Universal Headset 3.5MMSpesifikasi :· Style: In-Ear· Communication: Wired· Connectors: 3.5mm· Wireless Type: None· Vocalism Principle: Dynamic· Control Button: Yes· Volume Control: Yes· Active Noise-Cancellation: No· Function: For Mobile Phone· Plug Type: Line Type· Sensitivity: 120±3dB· Frequency Response Range: 20-20000Hz· Line Length: 1.2m· Resistance: 32Ω· Waterproof: No"
"Xiaomi Redmi 9A 2/32 GB Garansi Resmi - Hijau",Rp1.173.000,Gudang-HP,5,"Ready Stock Blue, Grey, Green *18 April 2021SIM Dual SIM (Nano-SIM, dual stand-by)Size 6.53 inches, 102.9 cm2 (~81.1% screen-to-body ratio)PLATFORM OS Android 10, MIUI 12Chipset MediaTek Helio G25 (12 nm)CPU Octa-core 2.0 GHz Cortex-A53GPU PowerVR GE8320Internal 32GB 2GB RAMMAIN CAMERA Single 13 MP, f/2.2, 28mm (wide), PDAFSELFIE CAMERA Single 5 MP, f/2.2, (wide), 1.12µmBATTERY Li-Po 5000 mAh, non-removable"
"Infinix Hot 9 Play Ram 4/64 4GB Rom Internal 64GB Garansi Resmi - 4GB.64GB, ocean wave",Rp1.449.000,"murahmeriah shop",4.9,"Infinix Hot 9 play2GB/32GB & 4GB/64GB PILIH VARIAN YANG MAU DIBELI KARNA JUDUL SDH TDK BISA DIUBAHGaransi ResmiIme terdaftar 100%OriginalSegel asli tersedia Case logohttps://tokopedia.link/NYsE5maqwfbcyantemperfull=paket dengan temperglasfull(pemasangan bisa reques dikolom ket wkt order)SpesifikasiNETWORK4G/3G/2G OPERATING SYSTEMAndroidTM 10 DIMENSIONS171.82x77.96x8.90mm DISPLAY6.82"" HD+ waterdrop PROCESSORMT6762D Octa-core CAMERA 13MP+ Allens WITH TRIPLE-FLASH LIGHT8MP FF WITH FLASH LIGHTBATTERY6000mAhMEMORY4GB+64GBMUSICMP3/MIDI/AMR/WAV VIDEO3GP/MP4/AVI E-MAILYES CONNECTIVITYGPS/ WIFI/ BT SENSOR G -SENSOR/ E-COMPASS /L-SENSORSIM CARD SLOTDUAL NANO SIM+MICRO SDUSB PORTYES,MICRO USB 5PINVIEDO RECORDINGYES "
"XIAOMI POCO X3 NFC RAM 6/64 - 8/128 GB GARANSI RESMI - Blue, 6GB 64GB",Rp3.010.000,HokiHP,5,"*PILIHAN RAM*6GB 64GB ~ Ram 6 Gb Internal 64 Gb8GB 128 GB ~ Ram 8 Gb Interal 128 GbNETWORK Technology GSM / HSPA / LTELAUNCH Announced 2020, September 07Status Available. Released 2020, September 08BODY Dimensions 165.3 x 76.8 x 9.4 mm (6.51 x 3.02 x 0.37 in)Weight 215 g (7.58 oz)Build Glass front (Gorilla Glass 5), aluminum frame, plastic backSIM Hybrid Dual SIM (Nano-SIM, dual stand-by) IP53 splash-proofDISPLAY Type IPS LCD, 120Hz, HDR10, 450 nits (typ)Size 6.67 inches, 107.4 cm2 (~84.6% screen-to-body ratio)Resolution 1080 x 2400 pixels, 20:9 ratio (~395 ppi density)Protection Corning Gorilla Glass 5PLATFORM OS Android 10, MIUI 12Chipset Qualcomm SM7150-AC Snapdragon 732G (8 nm)CPU Octa-core (2x2.3 GHz Kryo 470 Gold & 6x1.8 GHz Kryo 470 Silver)GPU Adreno 618MEMORY Card slot microSDXC (uses shared SIM slot)Internal 64GB 6GB RAM, 128GB 6GB RAM UFS 2.1MAIN CAMERA Quad 64 MP, f/1.9, (wide), 1/1.73"", 0.8µm, PDAF13 MP, f/2.2, 119˚ (ultrawide), 1.0µm2 MP, f/2.4, (macro)2 MP, f/2.4, (depth)Features Dual-LED flash, HDR, panoramaVideo 4K@30fps, 1080p@30/120fps, 720p@960fps; gyro-EISSELFIE CAMERA Single 20 MP, f/2.2, (wide), 1/3.4"", 0.8µmFeatures HDR, panoramaVideo 1080p@30fpsSOUND Loudspeaker Yes, with stereo speakers3.5mm jack Yes 24-bit/192kHz audioCOMMS WLAN Wi-Fi 802.11 a/b/g/n/ac, dual-band, Wi-Fi Direct, hotspotBluetooth 5.1, A2DP, LEGPS Yes, with A-GPS, GLONASS, BDSNFC YesInfrared port YesRadio FM radio, recordingUSB USB Type-C 2.0, USB On-The-GoFEATURES Sensors Fingerprint (side-mounted), accelerometer, gyro, proximity, compassBATTERY Type Li-Po 5160 mAh, non-removableCharging Fast charging 33W, 62% in 30 min, 100% in 65 min (advertised)"
"SAMSUNG TAB A8"" 2019 T295 RAM 2/32GB GRS RESMI SEIN",Rp1.679.000,"CMP phone",5,"SAMSUNG TAB A8”2019 T295 RAM 2/32GB GRS RESMI SEINSILAHKAN TANYA STOK WARNA YANG READY SEBELUM ORDER !!!SEMUA PRODUK DIPACKING AMAN DAN DIKIRIM MENGGUNAKAN BUBBLE WRAP FREEProcessorCPU Speed2GHzCPU TypeQuad-CoreDisplaySize (Main Display)8.0"" (203.1mm)Resolution (Main Display)1280 x 800 (WXGA)Technology (Main Display)TFTColour Depth (Main Display)16MCameraRear Camera - Resolution8.0 MPRear Camera - Auto FocusYesFront Camera - Resolution2.0 MPRear Camera - FlashNoVideo Recording ResolutionFHD (1920 x 1080)@30fpsMemoryRAM Size (GB)2ROM Size (GB)32Available Memory* (GB)21.2External Memory SupportMicroSD (Up to 512GB)Network/Bearer4G GSM ConnectivityANT+NoUSB VersionUSB 2.0Location TechnologyGPS, Glonass, Beidou, GalileoMHLNoWi-Fi802.11 a/b/g/n 2.4+5GHzWi-Fi DirectYesBluetooth VersionBluetooth v4.2NoBluetooth ProfilesA2DP, AVRCP, DI, HID, HOGP, HSP, OPP, PANPC Sync.Smart Switch (PC version)OSAndroidGeneral InformationForm Factor"
"Infinix Hot 9 Play 4/64 GB Garansi Resmi - Hitam",Rp1.458.000,Gudang-HP,5,"Ready Stok Black, Wave *08 April 2021Tambahan extra bubble dan kardushttps://www.tokopedia.com/gudang-hp/kardus-bubble-extra-packingSize 6.82 inchesAndroid 9.0 Pie (Go edition) - 32/2GBMediaTek Helio A25 (12 nm) - 64/3-4GBCPU Quad-core 2.0 GHz Cortex-A53 - 32/2GBGPU PowerVR GE8300PowerVR GE8320MEMORY Card slot microSDXC (dedicated slot)Internal 64GB 4GB RAMMAIN CAMERA Dual 13 MP + QVGASELFIE CAMERA Single 8 MP, (wide)Non-removable Li-Po 6000 mAh battery"
"Xiaomi Redmi 9c 4/64 GB Garansi Resmi - Biru",Rp1.584.000,Gudang-HP,5,"Ready Stok Blue, Grey * 14 April 2021Size 6.53 inches,400 nits typ. brightness (advertised)PLATFORM OS Android 10, MIUI 12Chipset MediaTek Helio G35 (12 nm)CPU Octa-core MEMORY Card slot microSDXC (dedicated slot)Internal 64 GB, 4GB RAMMAIN CAMERA Triple 13 MP, Features LED flash, HDRSELFIE CAMERA Single 5 MP, f/2.2, (wide), 1.12µmFeatures HDRSOUND Loudspeaker YesGPS Yes, with A-GPS, GLONASS, BDSUSB microUSB 2.0, USB On-The-GoFEATURES Sensors Fingerprint (rear-mounted), accelerometer, proximityBATTERY Type Li-Po 5000 mAh, non-removable"
"Samsung Galaxy M11 3GB/32GB Garansi Resmi - Hitam",Rp1.604.000,Gudang-HP,4.9,"Ready Stock Black Dan Blue *14 April 2021spesifikasi6.4 InchGSM/HSPA/LTETipe Prosesor: Snapdragon 450Kecepatan Prosessor: Octa coreCamera: Kamera Belakang: 13 MP, f/1.8, 27mm (wide), 1/3.1"", 1.12µm, PDAF; 5 MP, f/2.2, 14mm (ultrawide); 2 MP, f/2.4, (depth)Kamera Depan: 8 MP, f/2.0, (wide)Video: 1080p@30fpsGPS: Yes, with A-GPS, GLONASS, BDS, GALILEOBattery 5000mAh Li-Ion"
"Xiaomi Redmi 9 4/64 GB Garansi Resmi - Ungu",Rp1.772.000,Gudang-HP,5,"Ready Stock *02 April 2021SIM Dual SIM (Nano-SIM, dual stand-by)Size 6.53 inches, 104.7 cm2 (~83.2% screen-to-body ratio)PLATFORM OS Android 10, MIUI 12Chipset Mediatek Helio G80 (12 nm)CPU Octa-core (2x2.0 GHz Cortex-A75 & 6x1.8 GHz Cortex-A55)GPU Mali-G52 MC2MEMORY Card slot microSDXC (dedicated slot)Internal 64GB 4GB RAM eMMC 5.1MAIN CAMERA Quad 13 MP, 8 MP, 5 MP, 2 MP, SELFIE CAMERA Single 8 MP, f/2.0, 27mm (wide)BATTERY Non-removable Li-Po 5020 mAh battery"
"Xiaomi Redmi 9 3/32 GB & 4/64 GB Garansi Resmi IMEI terdaftar - 4GB 64GB, Grey",Rp1.779.000,duniagadgetku,4.9,"Unit New BNIBSegel pabrikanNo repackGaransi Resmi Xiaomi Indonesia,IMEI terdaftarNETWORK TechnologyGSM / HSPA / LTELAUNCH Announced 2020, June 10Status Available. Released 2020, June 10BODY Dimensions 163.3 x 77 x 9.1 mm (6.43 x 3.03 x 0.36 in)Weight 198 g (6.98 oz)Build Glass front (Gorilla Glass 3), plastic back, plastic frameSIM Dual SIM (Nano-SIM, dual stand-by)DISPLAY Type IPS LCD capacitive touchscreen, 16M colorsSize 6.53 inches, 104.7 cm2 (~83.2% screen-to-body ratio)Resolution 1080 x 2340 pixels, 19.5:9 ratio (~395 ppi density)Protection Corning Gorilla Glass 3400 nits typ. brightness (advertised)PLATFORM OS Android 10, MIUI 12Chipset Mediatek Helio G80 (12 nm)CPU Octa-core (2x2.0 GHz Cortex-A75 & 6x1.8 GHz Cortex-A55)GPU Mali-G52 MC2MEMORY Card slot microSDXC (dedicated slot)Internal 32GB 3GB RAM, 64GB 4GB RAM, 128GB 6GB RAMeMMC 5.1MAIN CAMERA Quad 13 MP, f/2.2, 28mm (wide), 1/3.1"", 1.12µm, PDAF8 MP, f/2.2, 118˚ (ultrawide), 1/4.0"", 1.12µm5 MP, f/2.4, (macro)2 MP, f/2.4, (depth)Features LED flash, HDR, panoramaVideo 1080p@30fpsSELFIE CAMERA Single 8 MP, f/2.0, 27mm (wide)Features HDRVideo 1080p@30fpsSOUND Loudspeaker Yes3.5mm jack YesCOMMS WLAN Wi-Fi 802.11 b/g/n, Wi-Fi Direct, hotspotBluetooth 5.0, A2DP, LEGPS Yes, with A-GPS, GLONASS, BDSInfrared port YesRadio Wireless FM radio (no wired headphones required)USB 2.0, Type-C 1.0 reversible connector, USB On-The-GoFEATURES Sensors Fingerprint (rear-mounted), accelerometer, proximity, compassBATTERY Non-removable Li-Po 5020 mAh battery"
"OPPO F9 GARANSI RESMI OPPO INDONESIA - Biru",Rp2.499.000,"Grandstore cell",4.8,"NEW ARIVAL OPPO F9 GARANSI RESMI OPPO INDONESIADIJAMIN 100 % ORIGINAL , 100% BARU & 100% BERGARANSI RESMI OPPO INDONESIA.READY :- RED ( Sunrise RED )- BLUE ( Twilight BLUE )- PURPLE ( Starry Purple )BONUS :1. IRING2. GURITA3. SOFTCASE ( BAWAAN )4. ANTI GORES 5. TONGSISPENGIRIMAN CEPAT DAN DIJAMIN SAMPAI TUJUAN ANDA , PACKING LEBIH AMAN DENGAN MENGGUNAKAN BUBLE WRAP ( FREE ).Spesifikasi Umum :Color Sunrise Red, Twilight BlueOperating System ColorOS 5.2, based on Android 8.1Processor 64 Bit, 8 Core - Mediatek Helio P60 2.0 GhzGPU ARM Mali-G72 MP3 800MHzRAM 4 GBStorage 64 GB (Support microSD card up to 256 GB)Battery 3500mAh（TYP）3415mAh（MIN）DisplaySize 6.3 inches, 19.5:9 Aspect RatioResolution 2340 x 1080Colors 16 million colorsCameraSensor Type CMOSFront sensor 25MP Sensor HDRAperture Front: F2.0Rear sensor 16 MP + 2 MPAperture Rear: F1.8 + F2.4Video Mode: 1080P, 720PConnectivitySIM Card Type Two 4G VoLTE slots Sound effect type DiracGPS SupportedBluetooth SupportedWi-Fi SupportedNFC Not availableOTG SupportedSensors LightSensor,G-sensor/Accelerationsensor, Magnetic induction, Proximity Sensor"
"Samsung Galaxy A12 4/128 GB Garansi Resmi SEIN - Biru",Rp2.209.000,Gudang-HP,4.9,"Ready Stock Black Dan Blue *08 April 2021SIM Single SIM (Nano-SIM) or Dual SIM (Nano-SIM, dual stand-by)Size 6.5 inches,PLATFORM OS Android 10Chipset Mediatek MT6765 Helio P35 (12nm)CPU Octa-core (4x2.35 GHz Cortex-A53 & 4x1.8 GHz Cortex-A53)GPU PowerVR GE8320Internal 128GB 4GB RAMMAIN CAMERA Quad 48 MP, 5 MP, 2 MP, 2 MP,SELFIE CAMERA Single 8 MP, f/2.2BATTERY Type Li-Po 5000 mAh, non-removable"
"Infinix Hot 9 Play 2/32 Garansi Resmi - Ungu",Rp1.209.000,Gudang-HP,4.9,"Ready Stok Purple *02 April 2021Tambahan extra bubble dan kardushttps://www.tokopedia.com/gudang-hp/kardus-bubble-extra-packingSize 6.82 inchesAndroid 9.0 Pie (Go edition) - 32/2GBChipset Mediatek MT6761 Helio A22 (12 nm) - 32/2GBCPU Quad-core 2.0 GHz Cortex-A53 - 32/2GBGPU PowerVR GE8300PowerVR GE8320MEMORY Card slot microSDXC (dedicated slot)Internal 32GB 2GB RAMMAIN CAMERA Dual 13 MP + QVGASELFIE CAMERA Single 8 MP, (wide)Non-removable Li-Po 6000 mAh batteryTAMBAHAN PACKING KARDUS + BUBBLE EXTRA PACKINGhttps://www.tokopedia.com/gudang-hp/kardus-bubble-extra-packing"
"XIOMI POCO X3 NFC 6/64 -8/128 GB GARANSI RESMI - grey, 6/64",Rp3.010.000,BuyForSell,5,"Tanyakan stok terlebih dahulu !!!!BARANG BARU, SEGEL DAN GARANSI RESMIJika peking ingin lebih aman, silahkan order tambahan buble.NETWORK Technology GSM / HSPA / LTELAUNCH Announced 2020, September 07Status Available. Released 2020, September 08BODY Dimensions 165.3 x 76.8 x 9.4 mm (6.51 x 3.02 x 0.37 in)Weight 215 g (7.58 oz)Build Glass front (Gorilla Glass 5), aluminum frame, plastic backSIM Hybrid Dual SIM (Nano-SIM, dual stand-by) IP53 splash-proofDISPLAY Type IPS LCD, 120Hz, HDR10, 450 nits (typ)Size 6.67 inches, 107.4 cm2 (~84.6% screen-to-body ratio)Resolution 1080 x 2400 pixels, 20:9 ratio (~395 ppi density)Protection Corning Gorilla Glass 5PLATFORM OS Android 10, MIUI 12Chipset Qualcomm SM7150-AC Snapdragon 732G (8 nm)CPU Octa-core (2x2.3 GHz Kryo 470 Gold & 6x1.8 GHz Kryo 470 Silver)GPU Adreno 618MEMORY Card slot microSDXC (uses shared SIM slot)Internal 64GB 6GB RAM, 128GB 8GB RAM UFS 2.1MAIN CAMERA Quad 64 MP, f/1.9, (wide), 1/1.73"", 0.8µm, PDAF13 MP, f/2.2, 119˚ (ultrawide), 1.0µm2 MP, f/2.4, (macro)2 MP, f/2.4, (depth)Features Dual-LED flash, HDR, panoramaVideo 4K@30fps, 1080p@30/120fps, 720p@960fps; gyro-EISSELFIE CAMERA Single 20 MP, f/2.2, (wide), 1/3.4"", 0.8µmFeatures HDR, panoramaVideo 1080p@30fpsSOUND Loudspeaker Yes, with stereo speakers3.5mm jack Yes 24-bit/192kHz audioCOMMS WLAN Wi-Fi 802.11 a/b/g/n/ac, dual-band, Wi-Fi Direct, hotspotBluetooth 5.1, A2DP, LEGPS Yes, with A-GPS, GLONASS, BDSNFC YesInfrared port YesRadio FM radio, recordingUSB USB Type-C 2.0, USB On-The-GoFEATURES Sensors Fingerprint (side-mounted), accelerometer, gyro, proximity, compassBATTERY Type Li-Po 5160 mAh, non-removableCharging Fast charging 33W, 62% in 30 min, 100% in 65 min (advertised)"
"SAMSUNG GALAXY M20 RAM 3GB INTERNAL 32GB 3/32 - GARANSI RESMI SEIN - Hitam",Rp1.999.000,"Shopyz ID",5,"READY BLACK DAN BLUE PILIH DI VARIANGARANSI RESMI SEIN SAMSUNG INDONESIA 1 TAHUNSPESIFIKASI SINGKATSamsung Galaxy M20- Layar 6.3inch, 2340x1080p, LCD- CPU Exynos 7904- RAM 3GB- Storage 32GB- Kamera belakang 13 MP, f/1.9, 1/2.8"", 1.12μm, PDAF5 MP, f/2.2, 12mm (ultrawide), 1/6"", 1.12μm- Kamera depan 8 MP, f/2.0 HDR- Android 8.1 Oreo- USB C, 3.5mm Jack- Fingerprint- Baterai 5000mAh"
"OPPO A12 RAM 3/32 GB GARANSI RESMI OPPO INDONESIA - Demo Tanpa Dus",Rp1.549.000,"Grandstore cell",4.9,"NEW ARIVAL OPPO A12 RAM 3/32 GB GARANSI RESMI OPPO INDONESIADIJAMIN 100 % ORIGINAL , 100% BARU & 100% BERGARANSI RESMI OPPO INDONESIA.READY : BLACK , BLUEBONUS :1. IRING2. GURITA3. SOFTCASE ( BAWAAN )4. ANTI GORES ( BAWAAN )5. PERDANA IM36. WATERPROOF CASEBONUS SELALU TERSEDIA....!!!!!PENGIRIMAN CEPAT DAN DIJAMIN SAMPAI TUJUAN ANDA .PACKING LEBIH AMAN DENGAN MENGGUNAKAN BUBLE WRAP ( FREEE ).NB :SEBELUM ORDER CEK DULU YA GAN WARNA NYA DAN SAAT ORDER MOHON TULIS WARNA DI KETERANGAN.Spesifikasi:Dimensi : 155.9mm*75.5mm*8.3mmBobot : 165gLayar : 6.22”Waterdrop screen；Screen-to-body ratio: 88.3%； 1520×720(HD+)Prosesor : MTK6765 (P35) Octacore 2.3 GhzOS : Android 9.0；ColorOS 6.1Memori : 3GB/32GBKamera Belakang : 13MP Kamera Utama+ 2MP BokehKamera Depan : 5MPJack : Micro-USB；Earphone jack：3.5mmBaterai : 4230mAhKeamanan : Fingerprint + Facial UnlockGARANSI RESMI 1 TAHUN OPPO INDONESIA"
"Samsung Galaxy A01 Core 2/32 GB Garansi Resmi SEIN - Hitam",Rp1.039.000,"Voucher Central",5,"Garansi Resmi SEIN 100%WRAP SAMSUNG 100%BNIB 100%untuk sekarang tidak ada paket bundling im3 lagi ya.:""Pesan hari ini dikirim hari ini juga""untuk instant/ sameday bisa diorder di link berikuthttps://www.tokopedia.com/vouchercentral/instant-sameday-samsung-galaxy-a01-core-2-32-gb-garansi-resmi-sein-hitam"
"XIAOMI REDMI NOTE 9 PRO RAM 8/128 GB RAM 8GB INTERNAL 128GB RESMI - GREY",Rp3.525.000,"V-Store Pedia",5,"SLAMA IKLAN MASIH BUKA STOKAN READY SILAKAN DI ORDER KAMI AKAN PROSES KIRIM.THX100% BNIB SEGEL PABRIKGARANSI 1TAHUN RESMI TAM/XIAOMI INDONESIAWARNA = Tropical Green, Glacier White, Interstellar Gray, Aurora BlueTechnologyGSM / HSPA / LTEBODYDimensions 165.8 x 76.7 x 8.8 mm (6.53 x 3.02 x 0.35 in)Weight 209 g (7.37 oz)Build Glass front (Gorilla Glass 5), glass back (Gorilla Glass 5), plastic frameSIMDual SIM (Nano-SIM, dual stand-by)DISPLAYType IPS LCD capacitive touchscreen, 16M colorsSize 6.67 inches, 107.4 cm2 (~84.5% screen-to-body ratio)Resolution 1080 x 2400 pixels, 20:9 ratio (~395 ppi density)Protection Corning Gorilla Glass 5PLATFORMOS Android 10, MIUI 11Chipset Qualcomm SM7125 Snapdragon 720G (8 nm)CPU Octa-core (2x2.3 GHz Kryo 465 Gold & 6x1.8 GHz Kryo 465 Silver)GPU Adreno 618MEMORYCard slot microSDXC (dedicated slot)Internal 128GB RAM 8GBCAMERAQuad 64 MP, f/1.9, 26mm (wide), 1/1.72"", 0.8µm, PDAF8 MP, f/2.2, 119˚ (ultrawide), 1/4.0"", 1.12µm5 MP, f/2.4, (macro), 1/5.0"", 1.12µm, AF2 MP, f/2.4, (depth)Features LED flash, HDR, panoramaVideo 4K@30fps, 1080p@30/60/120fps, 720p@960fpsSELFIE CAMERASingle16 MP, f/2.5, (wide), 1/3.1"" 1.0µmFeatures HDR, panoramaVideo 1080p@30/120fpsSOUNDLoudspeaker Yes3.5mm jack YesCOMMSWLANWi-Fi 802.11 a/b/g/n/ac, dual-band, Wi-Fi Direct, hotspotBluetooth5.0, A2DP, LEGPS Yes, with A-GPS, GLONASS, GALILEO, BDSNFC YesInfrared port YesUSB 2.0, Type-C 1.0 reversible connectorFEATURESSensors Fingerprint (side-mounted), accelerometer, gyro, proximity, compassBATTERYNon-removable Li-Po 5020 mAh batteryCharging Fast charging 30W"
"Samsung Galaxy A51 6/128 GB Garansi Resmi SEIN - Hitam",Rp3.848.000,Gudang-HP,4.9,"Ready Stok *05 Maret 2021SIM Single SIM (Nano-SIM) or Dual SIM (Nano-SIM, dual stand-by)Size 6.5 inches, 102.0 cm2 (~87.4% screen-to-body ratio) Protection Corning Gorilla Glass 3PLATFORM OS Android 10.0; One UI 2Chipset Exynos 9611 (10nm)CPU Octa-core (4x2.3 GHz Cortex-A73 & 4x1.7 GHz Cortex-A53)GPU Mali-G72 MP3MEMORY Card slot microSDXC (dedicated slot)Internal 64GB 4GB RAM, 128GB 4GB RAM, 128GB 6GB RAMMAIN CAMERA Quad 48 MP, 12 MP 5 MP 5 MPSELFIE CAMERA Single 32 MP,BATTERY Non-removable Li-Po 4000 mAh battery"
"XIaomi Poco X3 NFC 8/128 GB Garansi Resmi - Abu-abu",Rp3.431.000,Gudang-HP,4.9,"Ready Stock *08 April 2021SIM Hybrid Dual SIM (Nano-SIM, dual stand-by)Size 6.67 inchesPLATFORM OS Android 10, MIUI 12Chipset Qualcomm SM7150-AC Snapdragon 732G (8 nm)CPU Octa-core (2x2.3 GHz Kryo 470 Gold & 6x1.8 GHz Kryo 470 Silver)GPU Adreno 618MEMORY Card slot microSDXC (uses shared SIM slot)Internal 12GB 8GB RAMMAIN CAMERA Quad 64 MP, 13 MP, 2 MP, 2 MP,SELFIE CAMERA Single 20 MPBATTERY Type Li-Po 5160 mAh, non-removable"
"Infinix Hot 9 Play 4/64GB garansi resmi - Hijau",Rp1.465.000,"Adola Shop",5,"Spesifikasi:RAM 4GB ROM 64GBQuad Camera 13 MP + 2 MP + 2 MP + AI Lens AF dengan triple-flash light6.82 inch IPS HD + cinematic display8 MP AI In-Display CameraAR Emoji and AR StickerTriple slot dengan dedicated micro SD storage hingga 256 GBDTS audio technologyFingerprint dan face unlockMediatek Helio A25, Octa-core 2.0 Ghz 12 nmBaterai 6.000 mAh dengan Xcharge 10WXOS 6.0 based Android 10"
"Samsung Galaxy A71 8/128Gb Grs resmi Sein - Hitam",Rp4.899.000,"Pluto sellular",5,"Ready Black, Blue, Silver dan Haze Crush SilverGaransi resmi Samsung Indonesia 1thn(Semua Tipe Samsung Kartu Garansi Selalu Nyatu Di Buku Panduan)Imei KedaftarNETWORKTechnologyGSM / HSPA / LTE2G bandsGSM 850 / 900 / 1800 / 1900 - SIM 1 & SIM 2 (dual-SIM model only)3G bandsHSDPA 850 / 900 / 1900 / 2100 HSDPA 850 / 900 / 1700(AWS) / 1900 / 21004G bandsLTE (unspecified)SpeedHSPA, LTE-ALAUNCHAnnounced2019, DecemberStatusComing soon. Exp. release 2020, January 31BODYDimensions163.6 x 76 x 7.7 mm (6.44 x 2.99 x 0.30 in)Weight179 g (6.31 oz)BuildGlass front (Gorilla Glass 3), plastic back, plastic frameSIMSingle SIM (Nano-SIM) or Dual SIM (Nano-SIM, dual stand-by)DISPLAYTypeSuper AMOLED capacitive touchscreen, 16M colorsSize6.7 inches, 108.4 cm2 (~87.2% screen-to-body ratio)Resolution1080 x 2400 pixels, 20:9 ratio (~393 ppi density)ProtectionCorning Gorilla Glass 3PLATFORMOSAndroid 10.0; One UI 2ChipsetQualcomm SDM730 Snapdragon 730 (8 nm)CPUOcta-core (2x2.2 GHz Kryo 470 Gold & 6x1.8 GHz Kryo 470 Silver)GPUAdreno 618MEMORYCard slotmicroSDXC (dedicated slot) RAM, 128GB 8GB RAMMAIN CAMERAQuad64 MP, f/1.8, 26mm (wide), 1/1.7"", 0.8µm, PDAF12 MP, f/2.2, 13mm (ultrawide)5 MP, f/2.4, 25mm (wide), dedicated macro camera5 MP, f/2.2, 1/5.0"", 1.12µm, depth sensorFeaturesLED flash, panorama, HDRVideo2160p@30fps, 1080p@30/240fpsSELFIE CAMERASingle32 MP, f/2.2, 26mm (wide), 1/2.8"", 0.8µmFeaturesHDRVideo1080p@30fpsSOUNDLoudspeakerYes3.5mm jackYesCOMMSWLANWi-Fi 802.11 a/b/g/n/ac, dual-band, Wi-Fi Direct, hotspotBluetooth5.0, A2DP, LEGPSYes, with A-GPS, GLONASS, GALILEO, BDSNFCYes (market dependent)RadioFM radioUSB2.0, Type-C 1.0 reversible connector, USB On-The-GoFEATURESSensorsFingerprint (under display, optical), accelerometer, gyro, proximity, compassMessagingSMS(threaded view), MMS, Email, Push Email, IMBrowserHTML5 ANT+BATTERY Non-removable Li-Po 4500 mAh batteryChargingFast battery charging 25W"
"Infinix Hot 9 Play 4/64 GB Garansi Resmi - 4GB 64GB, Black",Rp1.469.000,duniagadgetku,4.9,"Ada 2 Varian:2GB 32GB ~ Ram 2 GB Internal 32 GB3GB 64GB ~ Ram 3 GB Internal 64 GB4GB 64GB ~ Ram 4 GB Internal 64 GBGaransi Resmi Imei terdaftarNETWORK Technology GSM / HSPA / LTELAUNCH Announced 2020, April 09Status Available. Released 2020, April 09BODY Dimensions 171.8 x 78 x 8.9 mm (6.76 x 3.07 x 0.35 in)Weight 209 g (7.37 oz)Build Glass front, plastic back, plastic frameSIM Dual SIM (Nano-SIM, dual stand-by)DISPLAY Type IPS LCD capacitive touchscreen, 16M colorsSize 6.82 inches, 110.5 cm2 (~82.4% screen-to-body ratio)Resolution 720 x 1640 pixels (~263 ppi density)PLATFORM OS Android 9.0 Pie (Go edition) - 32/2GBAndroid 9.0 (Pie) - 32/3GB, 64/3-4GBChipset Mediatek MT6761 Helio A22 (12 nm) - 32/2GBMediaTek Helio A25 (12 nm) - 32/3GB, 64/3-4GBCPU Quad-core 2.0 GHz Cortex-A53 - 32/2GBOcta-core (4x1.8 GHz Cortex-A53 & 4x1.5 GHz Cortex-A53) - 32/3GB, 64/3-4GBGPU PowerVR GE8300PowerVR GE8320MEMORY Card slot microSDXC (dedicated slot)Internal 32GB 2GB RAM, 32GB 3GB RAM, 64GB 3GB RAM, 64GB 4GB RAM eMMC 5.1MAIN CAMERA Dual 13 MP, (wide), 1/3.1"", 1.12µm, AFQVGA (Low light sensor)Features Triple-LED flash, panorama, HDRVideo 1080p@30fpsSELFIE CAMERA Single 8 MP, (wide)Video 1080p@30fpsSOUND Loudspeaker Yes3.5mm jack YesCOMMS WLAN Wi-Fi 802.11 a/b/g/n/ac, dual-band, Wi-Fi Direct, hotspotBluetooth 5.0, A2DP, LEGPS Yes, with A-GPSRadio FM radioUSB microUSB 2.0, USB On-The-GoFEATURES Sensors Fingerprint (rear-mounted), accelerometer, gyro, proximity, compassBATTERY Non-removable Li-Po 6000 mAh battery"
"Xiaomi Redmi Note 9 4/64 GB - Garansi Resmi Xiaomi Indonesia - Hijau",Rp2.088.000,"Universe Store",5,"Garansi Resmi Xiaomi Indonesia 15 Bulan100% Baru dan Segel Asli Xiaomi , Garansi Dijamin Belum jalan / AktivasiImei Terdaftar Resmi di kemenperinAbu2 = agak biru seperti di foto produkSpesifikasi :Jaringan GSM / HSPA / LTESistem Operasi Android 10Prosesor MediaTek Helio G85 12nm (Octa-core 2x2.0 GHz Cortex-A75 & 6x1.8 GHz Cortex-A55)GPU Mali-G52 MC2RAM 4 GBROM 64 GBUkuran Layar 6.53 inchTipe Layar IPS LCD capacitive touchscreen, 16M colorsResolusi Layar 1080 x 2340 pixels, 19.5:9 ratio (~395 ppi density)Kamera Belakang 48 MP, f/1.8, 26mm (wide), 1/2.0"", 0.8µm, PDAF8 MP, f/2.2, 118˚ (ultrawide), 1/4.0"", 1.12µm2 MP, f/2.4, (macro), AF2 MP, f/2.4, (depth)Kamera Depan 13 MP, f/2.3, 29mm (standard), 1/3.1"", 1.12µmAudio 1216 X max0,5mm speaker ultra-linear amplitudo tinggi Smart PA 11V eksternal, penambah tekanan, volume tinggi 3,5mm jack headphoneWLAN Wi-Fi 802.11 a/b/g/n/ac, dual-band, Wi-Fi Direct, hotspotBluetooth 5.0, A2DP, LEGPS Yes, with A-GPS, GLONASS, GALILEO, BDSSensor Fingerprint (rear-mounted), accelerometer, gyro, proximity, compassBaterai 5020 mAhPengisian Daya Fast charging 18W; Reverse charging 9WSlot Memori Eksternal MicroSD SlotSIM Dual Nano SIMBerat 199 gDimensi 162,3 x 77,2 x 8,9 mmLainnya BuildGlass front (Gorilla Glass 5), plastic frame. Splash-proof coatingInfra RedYesUSB2.0, Type-C 1.0 reversible connectorVideo1080P@30fps, 720@30fps, Slow motion 720@120fpsMultimediaMP4, M4V, MKV, XVID, WAV, AAC, MP3, AMR, FLAC, APE"
"Samsung Galaxy A51 6/128Gb Grs resmi Sein - Haze silver, A51 8/256Gb",Rp4.249.000,"Pluto sellular",5,"Ready Haze silverGaransi resmi Samsung Indonesia 1thnSemua Tipe Samsung, Kartu Garansi selalu nyatu di Buku PanduanImei TerdaftarA51 6/128Gb | 8/256GbPilih warna lanjut pilih varianSuper AMOLED capavitive tochscreen 16M colorssize 6.5Resolution 1080 x 2400 Pixelsprotection Corning Gorilla Glass 3Os Android 10.0;One UI2Chipset Exsynos 9611(10nm)CPU Octa CoreGPU Mali G-72MP3card slot microSD up to 1TB (dedicateslot)internal 6GB 128GBCameraQuad 48MP,12MP,5MP,5MPlead flash,panorama,HDRVideo 2160p@30fps,1080pselfie CameraSingle 32MPfeatures HDRVideo 1080NFC yesCharging Fast Battery Charging 15 W"
"VIVO V11 PRO 6/64 GARANSI RESMI VIVO INDONESIA - Hitam",Rp2.639.900,"VIVO ST0RE",5,"VIVO V11 PROBONUS :1. IRING2. GURITA3. SOFTCASE ( BAWAAN )4. ANTI GORES ( BAWAAN )5. WATER PROOF CASE6. TONGSIS7. HEADSET BLUETOOTH8. SPEAKER BLUETOOTH ( HABIS )NOTE :BONUS AKAN DI KASIH SELAMA PERSEDIAAN MASIH ADA.( SEBELUM ORDER BS CHAT DL UNTUK TANYAKAN BONUS )UNTUK BONUS SPEAKER BLUETOOTH TELAH KOSONG SEBAGAI PENGGANTINYA KITA KASIH HEADSET BLUETOOTHNB :SEBELUM PESAN CEK DULU YA GAN WARNA NYA JANGAN SALAH KLIK. KARENA TIAP WARNA SUKA BERBEDA HARGA TERGANTUNG DARI KONDISI STOK BARANGBILA SALAH KLIK VARIAN KAMI AKAN TETAP KIRIM SESUAI DENGAN PILIHAN ANDA.GSM / CDMA / HSPA / LTEBODY Dimensions 157.9 x 75 x 7.9 mm (6.22 x 2.95 x 0.31 in)Weight 156 g (5.50 oz)SIM Dual SIM (Nano-SIM, dual stand-by)DISPLAY Type Super AMOLED capacitive touchscreen, 16M colorsSize 6.41 inches, 100.9 cm2 (~91.4% screen-to-body ratio)Resolution 1080 x 2340 pixels, 19.5:9 ratio (~402 ppi density)Multitouch YesProtection To be confirmedPLATFORM OS Android 8.1 (Oreo)Chipset Qualcomm SDM660 Snapdragon 660AIECPU Octa-core (4x2.2 GHz Kryo 260 & 4x1.95 GHz Kryo 260)GPU Adreno 512MEMORY Card slot microSD, up to 256 GB (dedicated slot)Internal 64 GB, 6 GB RAMMAIN CAMERA Dual 12 MP+5 MP, Dual Pixel PDAF depth sensorFeatures LED flash, HDR, panoramaVideo 2160p@30fps, 1080p@30fpsSELFIE CAMERA Single 25 MP, f/2.0Features HDRVideo 1080p@30fpsSOUND Alert types Vibration; MP3, WAV ringtonesLoudspeaker Yes3.5mm jack Yes - Active noise cancellation with dedicated micCOMMS WLAN Wi-Fi 802.11 a/b/g/n/ac, dual-band, WiFi Direct, hotspotBluetooth 4.2, A2DP, LE, EDRGPS Yes, with A-GPS, GLONASSRadio NoUSB microUSB 2.0, USB On-The-Go - Fast battery charging: VOOC Flash Charge 5V/4A- MP4/H.264 player- MP3/WAV/eAAC+/FLAC player- Document viewer- Photo/video editorBATTERY Non-removable Li-Po 3400 mAh battery"
"SAMSUNG GALAXY M31 - 6000mAh Battery - 6GB 128GB 6/128 - Garansi Resmi - Biru",Rp3.399.900,"Shopyz ID",5,"SAMSUNG GALAXY M31 6/128GBGARANSI RESMI SEIN SAMSUNG INDONESIAIMEI TERDAFTAR DI WEBSITE KEMENPERINWARNA TERSEDIA SESUAI VARIAN- HITAM- BIRU- MERAHSpesifikasi :NETWORKTechnology GSM / HSPA / LTELAUNCHAnnounced 2020, February 25Status Available. Released 2020, March 5BODYDimensions 159.2 x 75.1 x 8.9 mm (6.27 x 2.96 x 0.35 in)Weight 191 g (6.74 oz)Build Glass front (Gorilla Glass 3), plastic back, plastic frameSIM Dual SIM (Nano-SIM, dual stand-by)DISPLAYType Super AMOLED capacitive touchscreen, 16M colorsSize 6.4 inches, 96.7 cm2 (~80.9% screen-to-body ratio)Resolution 1080 x 2340 pixels, 19.5:9 ratio (~411 ppi density)Protection Corning Gorilla Glass 3PLATFORMOS Android 10.0; One UI 2.0Chipset Exynos 9611 (10nm)CPU Octa-core (4x2.3 GHz Cortex-A73 & 4x1.7 GHz Cortex-A53)GPU Mali-G72 MP3MEMORYCard slot microSDXC (dedicated slot)Internal 64GB 6GB RAM, 128GB 6GB RAM UFS 2.1MAIN CAMERATriple 64 MP, f/1.8, 26mm (wide), 1/1.72"", 0.8µm, PDAF8 MP, f/2.2, 12mm (ultrawide), 1/4.0"", 1.12µm5 MP, f/2.4, 25mm (macro), 1/5.0"", 1.12µm5 MP, f/2.2, (depth)Features LED flash, panorama, HDRVideo 2160p@30fps, 1080p@30fps, gyro-EISSELFIE CAMERASingle 32 MP, f/2.0, 26mm (wide), 1/2.8"", 0.8µmFeatures HDRVideo 2160p@30fps, 1080p@30fpsSOUNDLoudspeaker Yes3.5mm jack YesCOMMSWLAN Wi-Fi 802.11 a/b/g/n/ac, dual-band, Wi-Fi Direct, hotspotUSB 2.0, Type-C 1.0 reversible connectorBATTERY Non-removable Li-Po 6000 mAh battery"
"Samsung A71 8/128GB GARANSI RESMI SEIN - Hitam",Rp4.875.000,centralphone73,5,"Detail - Display: 6.7-inch, Full HD+ (1080 x2400), Super AMOLED Plus, Infinity-O Display- Camera rear: Main: 64MP, F1.8, Depth: 5MP, F2.2, Macro: 5MP, F2.4, Ultra Wide: 12MP, F2.2- Camera front: 32MP, F2.2- Body: 163.6 x 75.9 x 7.9mm / 172g- AP: Qualcomm Snapdragon, 730G, Octa Core (Dual 2.2GHz, 1.7GHz)- Memory: 8 RAM, 128GB Internal Storage- Battery: 4,500 mAh (typical), 25W Super-Fast Charging- Feature: NFC & Samsung Pay"
"VIVO Y12 RAM 3/64 GARANSI RESMI VIVO INDONESIA - demo tanpa dus",Rp1.649.900,"VIVO ST0RE",4.9,"NEW ARIVAL VIVO Y12 RAM 3/64 GB Ultra All Screen & FingerprintGaransi Resmi VIVO INDONESIABarang Terdaftar Resmi di Pusat VIV0O ( Garansi bisa diclaim Di Seluruh Servis Center VIVO INDONESIA ) dan 100 % ORIGINAL & 100 % BARU.BONUS :1. IRING2. GURITA3. SOFTCASE 4. ANTIGORES ( Sudah Terpasang )5. TONGSIS 6. WATERPROOF CASE7. HEASET BLUETOOTHBONUS SELALU TERSEDIA....!!!!!PENGIRIMAN CEPAT DAN DIJAMIN SAMPAI TUJUAN ANDA .PACKING LEBIH AMAN DENGAN MENGGUNAKAN BUBLE WRAP ( FREEE ).NB :SEBELUM ORDER CEK DULU YA GAN WARNA NYA DAN SAAT ORDER MOHON TULIS WARNA DI KETERANGAN.MOHON PILIH SESUAI VARIANT WARNA YG INGIN DI ORDER KARENA BEDA WARNA KADANG BISA BEDA HARGA TERGANTUNG DARI KONDISI STOK BARANG, JIKA SALAH KLIK VARIANT MAKA KITA AKAN TETAP KIRIM SESUAI PILIHAN ANDA.Spesifikasi:Fitur Vivo Y12 3/64 GB :Layar Super FullView Display (HD+ 1544 x 720 Pixel)Kamera Depan 8MP dilengkapi Al Face Beauty & Kamera belakang 13MP plus PDAFKamera Belakang Memiliki 3 Kamera Yaitu 13 MP, f/2.2, PDAF, 8 MP f/2.2,16mm (ultrawide), 2 MP, f/2.4, depth sensorFitur Keamanan dengan Finger print sensorChipset Mediatek MT6762 Helio P22 Baterai berkapasitas 5000 mAh RAM 3GB Memori Internal 64GB"
"Xiaomi Poco M3 4/64 dan 6/128 Gb Snapdragon 662 Garansi Resmi - Power Black, Ram 4/64 Gb",Rp1.899.000,inoe87,5,"*** Buat yang bertanya repack / no repack silahkan tonton Video ini , unit di kirim kondisi segel asli pabrik ***https://youtu.be/bKeQPAobLQ0••• Sebelum Order Mohon Luangkan Waktu Sebentar Untuk Membaca Proses Pengiriman •••••• Info Untuk Pengiriman Menggunakan Kurir Sicepat , Senin - Sabtu Paket Di Pickup Jam 8 Malam , Khusus Hari Minggu Hanya Sampai Jam 4 Sore , Update Resi Jam 9 - 10 Malam , Mohon Di Mengerti , Terima Kasih •••••• Info Untuk Pengiriman Kurir Jnt , Jne , Antaraja , 1 Jam setelah Order Masuk Update Pengiriman , Terima Kasih •••••• Khusus Jne Sabtu Hanya Sampai Jam 5 Sore , Minggu Jne Libur •••••• Info Untuk Pengiriman Grab Sameday / Instan Sebelum Jam 5 Sore , Gosend Sameday / Instan Sebelum Jam 3 Sore , Terima Kasih •••*** ANTI CANCEL , PASTI KIRIM , SETIAP ORDER YANG MASUK PASTI DI KIRIM ****** Ketentuan pembelian dengan layanan TUKAR TAMBAH sebagai berikut ***Handphone akan dijemput oleh kurir Tokopedia dengan ketentuan berikut: • Pesanan diterima sebelum jam 12:00, penjemputan oleh kurir dilakukan di hari yang sama • Pesanan diterima di atas jam 12:00, penjemputan oleh kurir dilakukan keesokan harinya • Penjemputan handphone hanya dilakukan di hari kerja. Sabtu, Minggu, dan hari libur nasional, tidak ada penjemputan kurir.• POCO M3 •• 100% PRODUKSI INDONESIA• 100% PASTI KIRIM• 100% BARU• 100% SEGEL NO REPACK• 100% GARANSI RESMI • 100% ORIGINAL• 100% IMEI TERDAFTAR KEMENPERIN--------- ISI DALAM BOX ----------• 1 UNIT HP POCO M3• 1 UNIT CHARGER • 1 UNIT KABEL TYPE C• 1 UNIT SOFTCASE• 1 UNIT SIM EJECTOR• 1 BUKU PANDUAN PENGGUNA------------- SPESIFIKASI POCO M3 -----------------• Operating System: MIUI 12 untuk POCO, berbasis Android 10• Simcard Slot: Dual sim• Battery Capacity: 6000mAh• Kamera Belakang: 48MP AI Triple Kamera• 48 MP Kamera utama• Kamera Depan: 8 MP Kamera Depan• Screen Size: 6.53"" FHD+ Layar Dot Drop• Resolusi: 2340x1080 FHD+"
"VIVO Y15 RAM 4/64 GARANSI RESMI VIVO INDONESIA - demo tanpa dus",Rp1.799.900,"VIVO ST0RE",5,"VIVO Y15 RAM 4/64BONUS :1. IRING2. GURITA3. SOFTCASE ( BAWAAN )4. ANTI GORES ( BAWAAN )5. WATER PROOF CASE6. TONGSIS7. HEADSET BLUETOOTHNOTE :BONUS AKAN DI KASIH SELAMA PERSEDIAAN MASIH ADA.( SEBELUM ORDER BS CHAT DL UNTUK TANYAKAN BONUS )NB :SEBELUM ORDER CEK DULU YA GAN WARNA NYA DAN SAAT ORDER MOHON TULIS WARNA DI KETERANGAN.MOHON PILIH SESUAI VARIANT WARNA YG INGIN DI ORDER KARENA BEDA WARNA KADANG BISA BEDA HARGA TERGANTUNG DARI KONDISI STOK BARANG, JIKA SALAH KLIK VARIANT MAKA KAMI AKAN TETAP KIRIM SESUAI PILIHAN ANDA.Spesifikasi Resmi Dari •gsmarena•Technology GSM / HSPA / LTELAUNCHAnnounced 2019, MayStatus Available. Released 2019, MayBODYDimensions 159.4 x 76.8 x 8.9 mm (6.28 x 3.02 x 0.35 in)Weight 190.5 g (6.74 oz)SIM Dual SIM (Nano-SIM, dual stand-by)DISPLAYType IPS LCD capacitive touchscreen, 16M colorsSize 6.35 inches, 99.6 cm2 (~81.4% screen-to-body ratio)Resolution 720 x 1544 pixels (~268 ppi density)PLATFORMOS Android 9.0 (Pie); Funtouch 9Chipset Mediatek MT6762 Helio P22 (12 nm)CPU Octa-core 2.0 GHz Cortex-A53GPU PowerVR GE8320MEMORYCard slot microSD, up to 256 GB (dedicated slot)Internal 64 GB, 4 GB RAMMAIN CAMERATriple 13 MP, f/2.2, PDAF8 MP, f/2.2, 16mm (ultrawide)2 MP, f/2.4, depth sensorFeatures LED flash, HDR, panoramaVideo 1080p@30fpsSELFIE CAMERASingle 16 MP, f/2.0Video SOUNDLoudspeaker Yes3.5mm jack Yes Active noise cancellation with dedicated micCOMMSWLAN Wi-Fi 802.11 b/g/n, Wi-Fi Direct, hotspotBluetooth 5.0, A2DP, LEGPS Yes, with A-GPS, GLONASS, GALILEO, BDSRadio FM radioUSB microUSB 2.0, USB On-The-GoFEATURESSensors Fingerprint (rear-mounted), accelerometer, proximity, compassBATTERY Non-removable Li-Po 5000 mAh batteryMISCColors Aqua Blue, Burgundy Red, Phantom Black"
"VIVO Y91 RAM 2/16 GARANSI RESMI VIVO INDONESIA - Hitam",Rp1.499.900,"VIVO ST0RE",5,"VIVO Y91 RAM 2/16 Ultra All Screen || FingerprintWarna:Starry BlackNebula PurpleBONUS :1. IRING2. GURITA3. SOFTCASE ( BAWAAN )4. ANTI GORES ( BAWAAN )5. WATER PROOF CASE6. TONGSIS7. HEADSET BLUETOOTHNOTE :BONUS AKAN DI KASIH SELAMA PERSEDIAAN MASIH ADA.( SEBELUM ORDER BS CHAT DL UNTUK TANYAKAN BONUS )UNTUK BONUS SPEAKER BLUETOOTH TELAH KOSONG SEBAGAI PENGGANTINYA KITA KASIH HEADSET BLUETOOTHNB :SEBELUM PESAN CEK DULU YA GAN WARNA NYA DAN SAAT ORDER MOHON TULIS WARNA DI KETERANGAN.Spesifikasi VIVO Y91:RAM 2 GBROM 16 GBLayar 6,22 inchBaterai 4030mAhFACE UNLOCK + FINGERPRINTKamera Depan 8MPDual Kamera Belakang 13MP + 2MOAndroid Oreo 8.1Dual Sim CardMemory Up to 256GbGARANSI RESMI VIVO INDONESIA"
"Samsung Galaxy M31 Smartphone [6 GB/ 128 GB] Garansi Resmi Sein - Biru",Rp3.399.000,"indraw shop",5,"Layar : 6.4 inchOs : Android 10Processor : exynoss 9611Kamera front 32mp rear 64mpBattery 6000 mah"
"Samsung Galaxy M31 RAM 6GB/ROM 128GB GARANSI RESMI SEIN - Biru",Rp3.368.000,"D'Lounge shop",5,"Garansi Resmi SEIN 1tahun Silahkan di order boss ku 😉"
"samsung a10s garansi resmi-random",Rp1.305.000,"Nomor Cantik 898",4.9,"Silahkan baca deskripsinya terlebih dahulu sebelum berbelanja ya kakak kakak,Selamat berbelanja...😊🙏Ketentuan Asuransi1. Seluruh paket dan barang wajib diasuransikan tanpa ketentuan nilai minimum.2. Kehilangan/kerusakan barang yang tidak diasuransikan diluar tanggung jawab kami.3.Asuransi bersifat OPSIONAL, jika tidak mengaktifkan asuransi maka segala resiko barang hilang atau rusak akibat pengiriman barang oleh kurir akan menjadi tanggung jawab pembeli dan tidak akan mengajukan klaim kepada penjual ataupun Tokopedia.Baru,Segel,Asli Samsung A10s!Samsung jangan Request no repack !Samsung yg di jual online pasti repack!Jika ada kendala pada unit ,langsung bawa ke service center resmi.😊🙏SAMSUNG A10S 2/32GB GARANSI RESMI SEIN 1 TAHUN 2/32 GBwarna random, jika ingin req warna mohon chat saya, dan sabar menunggu konfirmasi dari saya terlebih dahulu :) GSM / HSPA / LTE2019, August156.9 x 75.8 x 7.8 mm (6.18 x 2.98 x 0.31 in)168 g (5.93 oz)Front glass, plastic bodySingle SIM (Nano-SIM) or Dual SIM (Nano-SIM, dual stand-by)IPS LCD capacitive touchscreen, 16M colors6.2 inches, 95.9 cm2 (~80.7% screen-to-body ratio)720 x 1520 pixels, 19:9 ratio (~271 ppi density)Android 9.0 (Pie)Mediatek MT6762 Helio P22 (12 nm)Octa-core 2.0 GHz Cortex-A53PowerVR GE8320microSD, up to 512 GB (dedicated slot)32GB 2GB RAM13 MP, f/1.8, 28mm (wide), AF2 MP, f/2.4, depth sensorLED flash, panorama, HDR1080p@30fps8 MP, f/2.0Wi-Fi 802.11 b/g/n, Wi-Fi Direct, hotspot5.0, A2DP, LEYes, with A-GPS, GLONASS, GALILEOFM radiomicroUSB 2.0Fingerprint (rear-mounted), accelerometer, proximityNon-removable Li-Po 4000 mAh batteryCatatan: Harap merekam proses unboxing agar bisa melakukan komplain dan kami terima dengan baik apabila ada barang yang cacat/ rusak ataupun kurang. Bila tidak ada video maka kami tidak akan menanggapi. Mohon pengertiannya. Terima kasih.😊🙏"
"Apple iPhone 12 Pro 128GB 256GB 512GB 128 256 512 GB Resmi Tam iBox - 128GB",Rp18.499.000,chocoapple,4.8,"KENAPA HARUS BELI SAMA Choco Apple?1. TRUSTED SELLER bukan cuma seller musiman yang setelah barang jualannya lakutrus menghilang entah kemana.2. BARANG DIJAMIN BRAND NEW IN BOX + SEGEL3. CLAIM GARANSI KAMI BANTU**** BACA INI SEBELUM MEMBELI ****- Barang Asli dari Apple store- Barang New BNIB SEGEL, Bukan replika2an- Warranty Resmi TAM/iBox 1 Tahun"
"Samsung Galaxy J2 Prime Garansi Resmi SEIN Indonesia NEW segel - Hitam",Rp1.599.000,shopx,4.9,"HARAP DIBACA!Selama produk tayang berarti Ready, Pilih VARIANT WARNA yang diinginkan, bukan menulis warna diketerangan. JIKA BISA DI PILIH BERARTI STOCK TERSEDIABayar langsung jangan disimpan nanti-nanti untuk menghindari stock barang habis Asuransi wajib, disediakan oleh Tokopedia langsungJika terjadi kehilangan sebagian / seluruh produk silahkan klaim ke tokopedia langsungSamsung Galaxy J2 Prime Baru SegelGaransi Resmi Samsung Indonesia (SEIN) 1 TahunTidak menerima pengembalian produk karena barang baru bersegel jika berkendala silahkan ke service center garansi resmiTidak ada nota. Claim garansi bisa pakai invoice Tokopedia."
"Apple iPhone 12 Pro Max 12 Promax 128GB 256GB 512GB DUAL NANO SIM - 128gb",Rp19.350.000,chocoapple,4.9,"KENAPA HARUS BELI SAMA Choco Apple?1. TRUSTED SELLERbukan cuma seller musiman yang setelah barang jualannya laku trus menghilang entah kemana.2. BARANG DIJAMIN BRAND NEW IN BOX + SEGEL3. MENERIMA TRANSAKSI VIA TOKOPEDIA4. CLAIM GARANSI KAMI BANTU**** BACA INI SEBELUM MEMBELI ****- Barang Asli dari Apple Store- Barang New BNIB SEGEL- Warranty Apple 1 Tahun, Bisa bantu Claim garansi"
"APPLE IPHONE X 256 GB FU GSM ORIGINAL SILENT CAMERA GARANSI 1 TAHUN - Silver",Rp6.388.000,"MY IPHONESTORE",4.8,"Iphone X 256GB Garansi 1 TahunBISA SEMUA KARTU ALL OPERATOR( FREE TEMPERED GLASS + SOFTCASE TRANSPARAN + STICKER APPLE )SEBELUM ORDER WAJIB DIBACA :1. New Original 100% ( Jika tidak terbukti original, uang kembali 2x lipat )2. Produk 100% Original BUKAN SUPERCOPY / REPLIKA3. Fisik mulus 100% ( BUKAN SECOND )4. Mesin Normal 100%5. IMEI dan ICLOUD dijamin AMAN6. Garansi 1 Tahun7. Kelengkapan FULLSET8. SILENT CAM9. BATTERE HEALTH 100%KETENTUAN GARANSI :1. Segel harus dalam kondisi utuh, tidak boleh rusak atau terindikasi pernah dibongkar.2. Aksesoris [charger, headset, kabel data] harus dalam keadaan baik.3. Harap menjaga kondisi handphone dalam kondisi mulus tidak lecet / cacat fisik, lengkap dan segel utuh selama masa garansi.GARANSI HANGUS APABILA1. Segel bolong/lepas/sobek yang terindikasi pernah dibongkar.2. Body lecet / gompal bekas jatuh.3. LCD pecah / rusak karena kesalahan pemakaian.4. Handphone terkena cairan ataupun terbakar.* Dengan membeli maka kami anggap anda telah membaca dan"
"Xiaomi Note 2 RAM 2/16 Garansi Distributor 1 Tahun - Hitam",Rp558.000,tami_cell,4.7,"Xiaomi Note 2 RAM 2/16 Garansi TokoReady : Putih dan HitamUn Wrapping untuk keperluan QC saat sebelum kirim.Apabila ada permintaan khusus wrapping please add to chart ke dalam pesanan utk tambahan wrapping maupun extra bubble pack yg tersedia di etalase. Terima KasihSpesifikasi :Shape BarDasar OS AndroidOS ver Android 5.0 lolipop with MIUI 9.0SIM Nano SIM , Dual SIM , Dual StandbyCPU Mediatek MT6795 Helio X10, Octa-core 2.0 GHz Cortex-A53Storage 16GBRAM 2GBExternal Storage microSD up to 128GB (2 + 1 card slot)Battery 3080 mAhLayar Ukuran Layar 5.5 inciResolusi 1280 x 720pikselNetwork Tipe 2G , 3G , 4G (LTE)2G GSM B2/3/5/83G WCDMA B1/2/5/84G (LTE) FDD-LTE B1/3/4/5/7/8/20TDD-LTE B38/40Speed HSPA, LTEKamera Kamera Utama 13 MPKamera Depan 5 MPLainnya Fitur Wi-Fi , Hotspot/Tethering , GPS , Bluetooth , FlashUkuran Dimensi 153 x 76.2 x 7.6mm"
"oppo a15 3/32gb",Rp1.620.000,"kingstar vivo",5,"Oppo A15 3/32garansi resmi oppowajib buka segel"
"Inone Handphone Lava Arc 108 Dual Sim Internet GPRS with FM Radio - Biru",Rp129.900,"Inone Official Shop",4.7,"Product name: Lava ARC 108 mobile phone simple and practical backup phone for the elderlyJaringan 2G/EDGEInternet:YesBluetooth : Yesscreen size: 2.4 inch QVGABattery Capacity: 1000mahProduct weight: 78.8gApplicable people: elderly, studentsOperation method: push-buttonMemory card: 32mb+32mbCommunication function: supportAdditional features: mobile phone / callOther feather: dual simPackage included: 1 x mobile phone"
"APPLE IPHONE 7 128GB ROSEGOLD GARANSI DISTRIBUTOR 1 TAHUN - SILVER, 128GB",Rp2.800.000,ELEPHONE,5,"Ready 4 Warna: Black Matte, Rose Gold, Gold, SilverDeskripsi:Ready Stok iPhone 7 32GB/128 DAN 256GB ALL OPERATOR udah pasti termurah , dan jamin 100% ORIGINAL ya! bukan barang replika / hdc! bisa dijamin sama tuhan! gak perlu muter2 lagi, tinggal dipilih aja!APPLE IPHONE 7 GARANSI DISTRIBUTOR 1 TAHUNGaransi toko 1tahun MESIN, 3 bulan LCD+BATERAI, IMEI TEMBUS-ALL UNIT FU (FACTORY UNLOCK) / BISA Semua Operator INDO- ALL Unit Tidak Ada Yang Sangkut ID iCloud Aktivasi ! iCloud AMAN !- ALL UNIT Fullset Komplit (Kotak - Charger - Kabeldata - handfree- buku- simejector) (ACC OEM , TIDAK ADA GARANSI UNTUK ACC)- ALL UNIT Sudah PASS QUALITY CHECK langsung dr saya, Dijamin HARDWARE/SOFTWARE Tidak Ada Rusak !Kami menjamin setiap transaksi anda dengan :GARANSI-Setiap produk yang anda beli bergaransi toko 1 Tahun yang dapat di claim dan TUKAR BARU bila produk yang anda terima cacat produksi setelah baru buka dengan syarat (Sertakan Video Unboxing ketika buka paketnya).Jika tidak, tidak terdapat ganti rugi produk yang kurang, rusak/cacat! Penjual tidak akan menanggung atas kerusakan tersebut!- Jika saat penilaian terdapat ranting dibawah 4 /atau merusak performa toko kita, maka garansinya dibatalkan!Kami menjamin setiap produk sebelum dikirim akan dicek terlebih dahulu! Jadi tidak akan ada produk yang cacat/rusak! Packingnya Bubblewrap+Dus!　Jadi terdapat barang rusak telah diperbolehkan return, mohon dipacking seperti itu juga bubble+dus!Garansi tidak berlaku apabila:a. Kerusakan di akibatkan oleh kesalahan user seperti tersiram cairan dan terjatuh / terbanting.b. Kerusakan di akibatkan oleh tegangan listrik yang tidak stabilc. Kerusakan di akibatkan oleh penggunaan kasar seperti, membuka kasar/paksa slot sim sehingga membuat rusak mesin bagian sim card, dll.d. Lecet yg terjadi karena pemakaian sehari harie. LCD Retak / Pecahf. Handphone sudah pernah dibongkar ataupun diperbaiki sendirig.Garansi tidak berlaku jika human error"
"TOMBOL LUAR ON OFF SAMSUNG J510 / J710 GALAXY J5 2016 / J72016",Rp8.500,"Toserba 219",4.8,
"IPHONE 8 SECOND - matte black, 64 gb",Rp2.900.000,"Planet Cellular22",5,"SELAMAT DATANG DI PLANET CELLULARHarap Menanyakan Stok Terlebih dahuluUnit batangan, jika fullset bisa tambah kotak dus dipemesananEX INTER / BEKAS USA / AUSBACA DESKRIPSI SEBELUM MEMBELI* Kondisi Mulus 85% - 93%* LCD ORIGINAL* Dapat diakses SEMUA PROVIDER (Pakai Kartu Jaringan Apa saja)* Dapat menggunakan iCloud Service (Hanya perlu Login Apple ID)* Battery Health tidak bisa request karena stok kami banyak dan BH random tapi dapat dipastikan Battery Health 85% ke atas* Bebas direset * Skor 3utool hijau semua*Sebelum dikirim kami akan melakukan QC (Quality check ) untuk mengurangi resiko retur GARANSI TOKO 1 MINGGUGaransi tidak berlaku (*void*) jika :* Terkena cairan* Segel Rusak/Hilang* Unit bekas jatuh (human error)* Barang yang dikirim harus dalam keadaan fisik bagus seperti yang diterima * Ongkos kirim & Retur ditanggung pembeli* Dll yang disebabkan Kelalaian Pengguna* BARANG SUDAH BELI TIDAK DAPAT DI KEMBALIKAN / BATAL * SELAMAT BERBELANJA"
"Apple iPhone 7 Plus 128GB RED Garansi 1 Tahun",Rp4.299.000,"MY IPHONESTORE",5,"Iphone 7 PLUS 128GB Garansi 1 TahunBISA SEMUA KARTU ALL OPERATOR( FREE TEMPERED GLASS + SOFTCASE TRANSPARAN + STICKER APPLE )SEBELUM ORDER WAJIB DIBACA :1. New Original 100% ( Jika tidak terbukti original, uang kembali 2x lipat )2. Produk 100% Original BUKAN SUPERCOPY / REPLIKA3. Fisik mulus 100% ( BUKAN SECOND )4. Mesin Normal 100%5. IMEI dan ICLOUD dijamin AMAN6. Garansi 1 Tahun7. Kelengkapan FULLSET8. SILENT CAM9. BATTERE HEALTH 100%KETENTUAN GARANSI :1. Segel harus dalam kondisi utuh, tidak boleh rusak atau terindikasi pernah dibongkar.2. Aksesoris [charger, headset, kabel data] harus dalam keadaan baik.3. Harap menjaga kondisi handphone dalam kondisi mulus tidak lecet / cacat fisik, lengkap dan segel utuh selama masa garansi.GARANSI HANGUS APABILA1. Segel bolong/lepas/sobek yang terindikasi pernah dibongkar.2. Body lecet / gompal bekas jatuh.3. LCD pecah / rusak karena kesalahan pemakaian.4. Handphone terkena cairan ataupun terbakar.* Dengan membeli maka kami anggap anda telah membaca dan"
"COFFEE STIK BLACK NEW",Rp42.000,WILLIAMS_STORE,5,"hrga per slopp isi 10 bngkus x 20 batng ISTIMEWA"
"iPhone 12 64GB/128GB/256GB [ Garansi Resmi IBOX ] - Merah, 64 gb",Rp14.499.999,"Olivia Cellular ITC Roxy Mas",,"Garansi Resmi IBOX 1 tahun100% OriginalImei TerdaftarBNIB GreenpeelOS iOS 14.1,upgradable iOS 14.4Layar 6.1 incSuper Retina XDR OLEDKamera Belakang 12MP + 12MPKamera Depan 12MPBaterai Li-Ion 2815mAhKelengkapan dalam box: unit hp, sim ejector, lightning cable. Utk adapter dan EarPods dijual secara terpisah, yaitu link sebagai di bawah:ADAPTER / KEPALA CHARGERhttps://www.tokopedia.com/oliviacellroxy/20w-usb-c-power-adapter-apple-ibox-non-ibox-non-pack-originalEARPODShttps://www.tokopedia.com/oliviacellroxy/apple-earpods-with-lightning-connector-original-ibox-non-ibox"
"[GARANSI RESMI APPLE] Apple iPhone XR 128GB - black",Rp9.100.000,"Planet Gadget",,"KENAPA HARUS BELI DI PLANET GADGET ?1. Planet Gadget adalah One Stop Shopping untuk kebutuhan khusus gadget yang memiliki toko resmi dengan luas cukup besar dan memiliki beberapa cabang di Denpasar2. TRUSTED SELLER bukan cuma seller musiman yang setelah barang jualannya laku terus menghilang entah ke mana.3. GARANSI RESMI Apple TAM 1 TAHUN**** BACA INI SEBELUM MEMBELI ****- BNIB (Brand New In Box)- Di Dalam box: Unit iPhone- Barang Asli dari APPLE- Barang New, Bukan replika2an / Refurbish / Second- GARANSI RESMI Apple TAM 1 TAHUN- PACKING LEBIH AMAN DENGAN MENGGUNAKAN BUBBLE WRAP (FREE).- Dapat menggunakan semua jenis operator indones"
"iPhone 12 mini 64GB/128GB [ Garansi Resmi IBOX ] - Merah, 64 gb",Rp12.599.999,"Olivia Cellular ITC Roxy Mas",,"Garansi Resmi IBOX 1 tahunGreenpeelBrand New in Box100% OriginalImei TerdaftarLayar 5.4 inc Super Retina XDR OLEDiOS 14.1,upgradable to iOS 14.4Chipset Apple A14 Bionic(5nm)Kamera Belakang 12MP+12MPKamera Depan 12MPKelengkapan dalam box: unit hp, sim ejector, lightning cable. Utk adapter dan EarPods dijual secara terpisah, yaitu link sebagai di bawah:ADAPTER / KEPALA CHARGERhttps://www.tokopedia.com/oliviacellroxy/20w-usb-c-power-adapter-apple-ibox-non-ibox-non-pack-originalEARPODShttps://www.tokopedia.com/oliviacellroxy/apple-earpods-with-lightning-connector-original-ibox-non-ibox"
,,,,
